-- AllerFit seed chunk 01: brands, sources, menus
begin;

create unique index if not exists data_sources_brand_source_url_idx
on public.data_sources(brand_id, source_type, url);

insert into public.brands (
  category_id, slug, name, official_url, allergen_source_url, origin_source_url, data_status, last_checked_at, display_order, is_active
)
values
  ((select id from public.categories where slug = 'chicken'), 'kyochon', '교촌치킨', 'https://www.kyochon.com', 'https://www.kyochon.com/menu/allergyinfo.asp', 'https://www.kyochon.com/menu/origin.asp', 'official_verified', '2026-06-29', 1, true),
  ((select id from public.categories where slug = 'chicken'), 'bhc', 'BHC', 'https://www.bhc.co.kr', null, null, 'official_verified', null, 2, true),
  ((select id from public.categories where slug = 'chicken'), 'dasarang', '다사랑', null, null, null, 'unverified', null, 3, true),
  ((select id from public.categories where slug = 'chicken'), 'bbq', 'BBQ', 'https://www.bbq.co.kr', 'https://m.bbq.co.kr/menu/menu_base.asp', null, 'official_verified', null, 4, true),
  ((select id from public.categories where slug = 'chicken'), 'goobne', '굽네치킨', 'https://www.goobne.co.kr', null, null, 'official_verified', null, 5, true),
  ((select id from public.categories where slug = 'chicken'), '60chicken', '60계치킨', 'https://www.60chicken.co.kr', null, null, 'unverified', null, 6, true),
  ((select id from public.categories where slug = 'chicken'), 'nuguna-banhandak', '누구나홀딱반한닭', 'https://www.nuguna-banhandak.co.kr', 'https://www.nuguna-banhandak.co.kr/company/news?idx=177&viewMode=view', null, 'official_verified', null, 7, true),
  ((select id from public.categories where slug = 'chicken'), 'kkanbu', '깐부치킨', 'https://www.kkanbu.co.kr', null, null, 'unverified', null, 8, true),
  ((select id from public.categories where slug = 'chicken'), 'puradak', '푸라닭', 'https://puradakchicken.com', null, null, 'official_verified', null, 9, true),
  ((select id from public.categories where slug = 'chicken'), 'norangtongdak', '노랑통닭', 'https://www.norangtongdak.co.kr', 'https://www.norangtongdak.co.kr/about/', null, 'official_verified', null, 10, true),
  ((select id from public.categories where slug = 'chicken'), 'jadam', '자담치킨', 'https://www.ejadam.co.kr', null, null, 'unverified', null, 11, true),
  ((select id from public.categories where slug = 'chicken'), 'gguburakko', '꾸브라꼬숯불치킨', null, null, null, 'unverified', null, 12, true),
  ((select id from public.categories where slug = 'chicken'), 'matdakko', '맛닭꼬', null, null, null, 'unverified', null, 13, true),
  ((select id from public.categories where slug = 'chicken'), 'giyoung', '기영이숯불두마리치킨', null, null, null, 'unverified', null, 14, true),
  ((select id from public.categories where slug = 'chicken'), 'hwarak', '화락바베큐치킨', null, null, null, 'unverified', null, 15, true),
  ((select id from public.categories where slug = 'chicken'), 'soonsal', '순살만공격', null, null, null, 'unverified', null, 16, true),
  ((select id from public.categories where slug = 'chicken'), 'gamaro', '가마로강정', null, null, null, 'unverified', null, 17, true),
  ((select id from public.categories where slug = 'chicken'), 'cheogajip', '처갓집양념치킨', 'https://www.cheogajip.co.kr', 'https://www.cheogajip.co.kr/bbs/content.php?co_id=allergy', null, 'official_verified', null, 18, true),
  ((select id from public.categories where slug = 'chicken'), 'hochicken', '호치킨', 'https://www.hochicken.co.kr', null, null, 'unverified', null, 19, true),
  ((select id from public.categories where slug = 'chicken'), 'bodram', '보드람치킨', null, null, null, 'unverified', null, 20, true),
  ((select id from public.categories where slug = 'chicken'), 'ovenmaru', '오븐마루', 'https://www.ovenmaru.com', null, null, 'unverified', null, 21, true),
  ((select id from public.categories where slug = 'chicken'), 'gamachi', '가마치통닭', null, null, null, 'unverified', null, 22, true),
  ((select id from public.categories where slug = 'chicken'), 'jikova', '지코바양념치킨', null, null, null, 'unverified', null, 23, true),
  ((select id from public.categories where slug = 'chicken'), 'donggeun', '동근이숯불두마리치킨', null, null, null, 'unverified', null, 24, true),
  ((select id from public.categories where slug = 'chicken'), 'hosigi', '호식이두마리치킨', 'https://www.9922.co.kr', 'https://www.9922.co.kr/allergenic-component', null, 'official_verified', '2026-06-29', 25, true),
  ((select id from public.categories where slug = 'chicken'), 'thunderchicken', '썬더치킨', null, null, null, 'unverified', null, 26, true),
  ((select id from public.categories where slug = 'chicken'), 'hoocham', '후라이드참잘하는집', 'https://www.hoocham.com', null, null, 'official_verified', null, 27, true),
  ((select id from public.categories where slug = 'chicken'), 'chickensyndrome', '치킨신드롬', null, null, null, 'unverified', null, 28, true),
  ((select id from public.categories where slug = 'chicken'), 'barunchicken', '바른치킨', 'https://www.barunchicken.com', null, null, 'unverified', null, 29, true),
  ((select id from public.categories where slug = 'chicken'), 'okku', '오븐에꾸운닭', null, null, null, 'unverified', null, 30, true),
  ((select id from public.categories where slug = 'pizza'), 'pizzaneun-yeogi', '피자는여기', null, null, null, 'unverified', null, 1, true),
  ((select id from public.categories where slug = 'pizza'), 'iyu-pizza-pasta', '이유피자&파스타', null, null, null, 'unverified', null, 2, true),
  ((select id from public.categories where slug = 'pizza'), 'dominos', '도미노피자', 'https://web.dominos.co.kr', 'https://web.dominos.co.kr/contents/deliveryAllergy', null, 'official_verified', '2026-06-29', 3, true),
  ((select id from public.categories where slug = 'pizza'), 'seooreung-pizza', '서오릉피자', null, null, null, 'unverified', null, 4, true),
  ((select id from public.categories where slug = 'pizza'), 'michin-pizza', '미친피자', null, null, null, 'unverified', null, 5, true),
  ((select id from public.categories where slug = 'pizza'), 'pizza-never-sleeps', '피자네버슬립스', null, null, null, 'unverified', null, 6, true),
  ((select id from public.categories where slug = 'pizza'), 'pizza-teacher', '피자선생', null, null, null, 'unverified', null, 7, true),
  ((select id from public.categories where slug = 'pizza'), 'dangerous-pizza', '위험한피자', null, null, null, 'unverified', null, 8, true),
  ((select id from public.categories where slug = 'pizza'), 'papajohns', '파파존스피자', 'https://pji.co.kr', null, null, 'unverified', null, 9, true),
  ((select id from public.categories where slug = 'pizza'), 'pizzeria-o', '핏제리아오', null, null, null, 'unverified', null, 10, true),
  ((select id from public.categories where slug = 'pizza'), 'banolim-pizza', '반올림피자', 'https://www.banolimpizza.com', null, null, 'unverified', null, 11, true),
  ((select id from public.categories where slug = 'pizza'), 'pizzahut', '피자헛', 'https://www.pizzahut.co.kr', 'https://www.pizzahut.co.kr/popup/popup_allergy.do', null, 'official_verified', '2026-06-29', 12, true),
  ((select id from public.categories where slug = 'pizza'), 'tamnaneun-pizza', '탐나는피자', null, null, null, 'unverified', null, 13, true),
  ((select id from public.categories where slug = 'pizza'), 'rigoletto-chicago-pizza', '리골레토시카고피자', null, null, null, 'unverified', null, 14, true),
  ((select id from public.categories where slug = 'pizza'), 'paikboy-pizza', '빽보이피자', null, null, null, 'unverified', null, 15, true),
  ((select id from public.categories where slug = 'pizza'), 'doughlike-pizza', '도우라이크피자', null, null, null, 'unverified', null, 16, true),
  ((select id from public.categories where slug = 'pizza'), '1989s-pizza', '1989’s pizza', null, null, null, 'unverified', null, 17, true),
  ((select id from public.categories where slug = 'pizza'), 'pizza-inryu', '피자인류', null, null, null, 'unverified', null, 18, true),
  ((select id from public.categories where slug = 'pizza'), 'the-pizza', 'THE PIZZA', null, null, null, 'unverified', null, 19, true),
  ((select id from public.categories where slug = 'pizza'), 'wangson-pizza', '왕손피자', null, null, null, 'unverified', null, 20, true),
  ((select id from public.categories where slug = 'pizza'), 'fred-pizza', '프레드피자', null, null, null, 'unverified', null, 21, true),
  ((select id from public.categories where slug = 'pizza'), 'pizza-alvolo', '피자알볼로', 'https://www.pizzaalvolo.co.kr', null, null, 'unverified', null, 22, true),
  ((select id from public.categories where slug = 'pizza'), 'modu-pizza', '모두의피자', null, null, null, 'unverified', null, 23, true),
  ((select id from public.categories where slug = 'pizza'), 'youngman-pizza', '청년피자', null, null, null, 'unverified', null, 24, true),
  ((select id from public.categories where slug = 'pizza'), 'pizza-storm', '피자스톰', null, null, null, 'unverified', null, 25, true),
  ((select id from public.categories where slug = 'pizza'), 'pinachigong', '피나치공', null, null, null, 'unverified', null, 26, true),
  ((select id from public.categories where slug = 'pizza'), 'original-chicago', '오리지널시카고', null, null, null, 'unverified', null, 27, true),
  ((select id from public.categories where slug = 'pizza'), 'sunmyunghee-pizza', '자가제빵 선명희피자', null, null, null, 'unverified', null, 28, true),
  ((select id from public.categories where slug = 'pizza'), 'yellow-pizza', '옐로우피자', null, null, null, 'unverified', null, 29, true),
  ((select id from public.categories where slug = 'pizza'), 'american-pizza', '아메리칸피자', null, null, null, 'unverified', null, 30, true)
on conflict (slug) do update
set category_id = excluded.category_id, name = excluded.name, official_url = excluded.official_url, allergen_source_url = excluded.allergen_source_url, origin_source_url = excluded.origin_source_url, data_status = excluded.data_status, last_checked_at = excluded.last_checked_at, display_order = excluded.display_order, is_active = true;

insert into public.data_sources (brand_id, title, source_type, url, checked_at, note)
values
  ((select id from public.brands where slug = 'pizzahut'), '피자헛 공식 알레르기 정보', 'official_page', 'https://www.pizzahut.co.kr/popup/popup_allergy.do', '2026-06-29', '자동 수집 원천: 피자헛 공식 알레르기 팝업 HTML에서 자동 수집; 원산지는 별도 확인 필요'),
  ((select id from public.brands where slug = 'dominos'), '도미노피자 공식 알레르기 정보', 'official_page', 'https://web.dominos.co.kr/contents/deliveryAllergy', '2026-06-29', '자동 수집 원천: 도미노피자 공식 알레르기 페이지에서 자동 수집; 원산지는 별도 확인 필요'),
  ((select id from public.brands where slug = 'hosigi'), '호식이두마리치킨 공식 알레르기 정보', 'official_page', 'https://www.9922.co.kr/allergenic-component', '2026-06-29', '자동 수집 원천: 호식이두마리치킨 공식 알레르기 페이지에서 자동 수집; 원산지는 별도 확인 필요'),
  ((select id from public.brands where slug = 'kyochon'), '교촌치킨 공식 알레르기 정보', 'official_page', 'https://www.kyochon.com/menu/allergyinfo.asp', '2026-06-29', '예시: 원산지 URL과 확인일은 공식 페이지 확인 후 입력'),
  ((select id from public.brands where slug = 'bbq'), 'BBQ 공식 알레르기 정보', 'official_page', 'https://m.bbq.co.kr/menu/menu_base.asp', '2026-06-29', null),
  ((select id from public.brands where slug = 'nuguna-banhandak'), '누구나홀딱반한닭 공식 알레르기 정보', 'official_page', 'https://www.nuguna-banhandak.co.kr/company/news?idx=177&viewMode=view', '2026-06-29', null),
  ((select id from public.brands where slug = 'norangtongdak'), '노랑통닭 공식 알레르기 정보', 'official_page', 'https://www.norangtongdak.co.kr/about/', '2026-06-29', null),
  ((select id from public.brands where slug = 'cheogajip'), '처갓집양념치킨 공식 알레르기 정보', 'official_page', 'https://www.cheogajip.co.kr/bbs/content.php?co_id=allergy', '2026-06-29', null)
on conflict (brand_id, source_type, url) do update
set title = excluded.title, checked_at = excluded.checked_at, note = excluded.note;

insert into public.menus (brand_id, category_id, slug, name, source_url, last_checked_at, menu_status, is_active)
values
  ((select id from public.brands where slug = 'pizzahut'), (select id from public.categories where slug = 'pizza'), 'pizzahut-001', '베이컨포테이토(L) - 핫도그 엣지 라지', 'https://www.pizzahut.co.kr/popup/popup_allergy.do', '2026-06-29', 'active', true),
  ((select id from public.brands where slug = 'pizzahut'), (select id from public.categories where slug = 'pizza'), 'pizzahut-002', '베이컨포테이토(L) - 치즈크러스트 골드 라지', 'https://www.pizzahut.co.kr/popup/popup_allergy.do', '2026-06-29', 'active', true),
  ((select id from public.brands where slug = 'pizzahut'), (select id from public.categories where slug = 'pizza'), 'pizzahut-003', '베이컨포테이토(L) - 리치골드 라지', 'https://www.pizzahut.co.kr/popup/popup_allergy.do', '2026-06-29', 'active', true),
  ((select id from public.brands where slug = 'pizzahut'), (select id from public.categories where slug = 'pizza'), 'pizzahut-004', '베이컨포테이토(L) - 치즈크러스트 라지', 'https://www.pizzahut.co.kr/popup/popup_allergy.do', '2026-06-29', 'active', true),
  ((select id from public.brands where slug = 'pizzahut'), (select id from public.categories where slug = 'pizza'), 'pizzahut-005', '베이컨포테이토(L) - 오리지널 엣지 라지', 'https://www.pizzahut.co.kr/popup/popup_allergy.do', '2026-06-29', 'active', true),
  ((select id from public.brands where slug = 'pizzahut'), (select id from public.categories where slug = 'pizza'), 'pizzahut-006', '베이컨포테이토(L) - 씬 도우 라지', 'https://www.pizzahut.co.kr/popup/popup_allergy.do', '2026-06-29', 'active', true),
  ((select id from public.brands where slug = 'pizzahut'), (select id from public.categories where slug = 'pizza'), 'pizzahut-007', '베이컨포테이토(M) - 핫도그 엣지 미디엄', 'https://www.pizzahut.co.kr/popup/popup_allergy.do', '2026-06-29', 'active', true),
  ((select id from public.brands where slug = 'pizzahut'), (select id from public.categories where slug = 'pizza'), 'pizzahut-008', '베이컨포테이토(M) - 치즈크러스트 골드 미디엄', 'https://www.pizzahut.co.kr/popup/popup_allergy.do', '2026-06-29', 'active', true),
  ((select id from public.brands where slug = 'pizzahut'), (select id from public.categories where slug = 'pizza'), 'pizzahut-009', '베이컨포테이토(M) - 리치골드 미디엄', 'https://www.pizzahut.co.kr/popup/popup_allergy.do', '2026-06-29', 'active', true),
  ((select id from public.brands where slug = 'pizzahut'), (select id from public.categories where slug = 'pizza'), 'pizzahut-010', '베이컨포테이토(M) - 치즈크러스트 미디엄', 'https://www.pizzahut.co.kr/popup/popup_allergy.do', '2026-06-29', 'active', true),
  ((select id from public.brands where slug = 'pizzahut'), (select id from public.categories where slug = 'pizza'), 'pizzahut-011', '베이컨포테이토(M) - 오리지널 엣지 미디엄', 'https://www.pizzahut.co.kr/popup/popup_allergy.do', '2026-06-29', 'active', true),
  ((select id from public.brands where slug = 'pizzahut'), (select id from public.categories where slug = 'pizza'), 'pizzahut-012', '수퍼슈프림(L) - 핫도그 엣지 라지', 'https://www.pizzahut.co.kr/popup/popup_allergy.do', '2026-06-29', 'active', true),
  ((select id from public.brands where slug = 'pizzahut'), (select id from public.categories where slug = 'pizza'), 'pizzahut-013', '수퍼슈프림(L) - 치즈크러스트 골드 라지', 'https://www.pizzahut.co.kr/popup/popup_allergy.do', '2026-06-29', 'active', true),
  ((select id from public.brands where slug = 'pizzahut'), (select id from public.categories where slug = 'pizza'), 'pizzahut-014', '수퍼슈프림(L) - 리치골드 라지', 'https://www.pizzahut.co.kr/popup/popup_allergy.do', '2026-06-29', 'active', true),
  ((select id from public.brands where slug = 'pizzahut'), (select id from public.categories where slug = 'pizza'), 'pizzahut-015', '수퍼슈프림(L) - 치즈크러스트 라지', 'https://www.pizzahut.co.kr/popup/popup_allergy.do', '2026-06-29', 'active', true),
  ((select id from public.brands where slug = 'pizzahut'), (select id from public.categories where slug = 'pizza'), 'pizzahut-016', '수퍼슈프림(L) - 오리지널 엣지 라지', 'https://www.pizzahut.co.kr/popup/popup_allergy.do', '2026-06-29', 'active', true),
  ((select id from public.brands where slug = 'pizzahut'), (select id from public.categories where slug = 'pizza'), 'pizzahut-017', '수퍼슈프림(L) - 치즈크러스트 라지', 'https://www.pizzahut.co.kr/popup/popup_allergy.do', '2026-06-29', 'active', true),
  ((select id from public.brands where slug = 'pizzahut'), (select id from public.categories where slug = 'pizza'), 'pizzahut-018', '수퍼슈프림(L) - 리치골드 라지', 'https://www.pizzahut.co.kr/popup/popup_allergy.do', '2026-06-29', 'active', true),
  ((select id from public.brands where slug = 'pizzahut'), (select id from public.categories where slug = 'pizza'), 'pizzahut-019', '수퍼슈프림(L) - 씬 도우 라지', 'https://www.pizzahut.co.kr/popup/popup_allergy.do', '2026-06-29', 'active', true),
  ((select id from public.brands where slug = 'pizzahut'), (select id from public.categories where slug = 'pizza'), 'pizzahut-020', '수퍼슈프림(M) - 핫도그 엣지 미디엄', 'https://www.pizzahut.co.kr/popup/popup_allergy.do', '2026-06-29', 'active', true),
  ((select id from public.brands where slug = 'pizzahut'), (select id from public.categories where slug = 'pizza'), 'pizzahut-021', '수퍼슈프림(M) - 치즈크러스트 골드 미디엄', 'https://www.pizzahut.co.kr/popup/popup_allergy.do', '2026-06-29', 'active', true),
  ((select id from public.brands where slug = 'pizzahut'), (select id from public.categories where slug = 'pizza'), 'pizzahut-022', '수퍼슈프림(M) - 리치골드 미디엄', 'https://www.pizzahut.co.kr/popup/popup_allergy.do', '2026-06-29', 'active', true),
  ((select id from public.brands where slug = 'pizzahut'), (select id from public.categories where slug = 'pizza'), 'pizzahut-023', '수퍼슈프림(M) - 치즈크러스트 미디엄', 'https://www.pizzahut.co.kr/popup/popup_allergy.do', '2026-06-29', 'active', true),
  ((select id from public.brands where slug = 'pizzahut'), (select id from public.categories where slug = 'pizza'), 'pizzahut-024', '수퍼슈프림(M) - 오리지널 엣지 미디엄', 'https://www.pizzahut.co.kr/popup/popup_allergy.do', '2026-06-29', 'active', true),
  ((select id from public.brands where slug = 'pizzahut'), (select id from public.categories where slug = 'pizza'), 'pizzahut-025', '수퍼슈프림(M) - 치즈크러스트 미디엄', 'https://www.pizzahut.co.kr/popup/popup_allergy.do', '2026-06-29', 'active', true),
  ((select id from public.brands where slug = 'pizzahut'), (select id from public.categories where slug = 'pizza'), 'pizzahut-026', '수퍼슈프림(M) - 리치골드 미디엄', 'https://www.pizzahut.co.kr/popup/popup_allergy.do', '2026-06-29', 'active', true),
  ((select id from public.brands where slug = 'pizzahut'), (select id from public.categories where slug = 'pizza'), 'pizzahut-027', '직화불고기(L) - 핫도그 엣지 라지', 'https://www.pizzahut.co.kr/popup/popup_allergy.do', '2026-06-29', 'active', true),
  ((select id from public.brands where slug = 'pizzahut'), (select id from public.categories where slug = 'pizza'), 'pizzahut-028', '직화불고기(L) - 치즈크러스트 골드 라지', 'https://www.pizzahut.co.kr/popup/popup_allergy.do', '2026-06-29', 'active', true),
  ((select id from public.brands where slug = 'pizzahut'), (select id from public.categories where slug = 'pizza'), 'pizzahut-029', '직화불고기(L) - 리치골드 라지', 'https://www.pizzahut.co.kr/popup/popup_allergy.do', '2026-06-29', 'active', true),
  ((select id from public.brands where slug = 'pizzahut'), (select id from public.categories where slug = 'pizza'), 'pizzahut-030', '직화불고기(L) - 치즈크러스트 라지', 'https://www.pizzahut.co.kr/popup/popup_allergy.do', '2026-06-29', 'active', true),
  ((select id from public.brands where slug = 'pizzahut'), (select id from public.categories where slug = 'pizza'), 'pizzahut-031', '직화불고기(L) - 오리지널 엣지 라지', 'https://www.pizzahut.co.kr/popup/popup_allergy.do', '2026-06-29', 'active', true),
  ((select id from public.brands where slug = 'pizzahut'), (select id from public.categories where slug = 'pizza'), 'pizzahut-032', '직화불고기(L) - 리치골드 라지', 'https://www.pizzahut.co.kr/popup/popup_allergy.do', '2026-06-29', 'active', true),
  ((select id from public.brands where slug = 'pizzahut'), (select id from public.categories where slug = 'pizza'), 'pizzahut-033', '직화불고기(L) - 씬 도우 라지', 'https://www.pizzahut.co.kr/popup/popup_allergy.do', '2026-06-29', 'active', true),
  ((select id from public.brands where slug = 'pizzahut'), (select id from public.categories where slug = 'pizza'), 'pizzahut-034', '직화불고기(M) - 핫도그 엣지 미디엄', 'https://www.pizzahut.co.kr/popup/popup_allergy.do', '2026-06-29', 'active', true),
  ((select id from public.brands where slug = 'pizzahut'), (select id from public.categories where slug = 'pizza'), 'pizzahut-035', '직화불고기(M) - 치즈크러스트 골드 미디엄', 'https://www.pizzahut.co.kr/popup/popup_allergy.do', '2026-06-29', 'active', true),
  ((select id from public.brands where slug = 'pizzahut'), (select id from public.categories where slug = 'pizza'), 'pizzahut-036', '직화불고기(M) - 리치골드 미디엄', 'https://www.pizzahut.co.kr/popup/popup_allergy.do', '2026-06-29', 'active', true),
  ((select id from public.brands where slug = 'pizzahut'), (select id from public.categories where slug = 'pizza'), 'pizzahut-037', '직화불고기(M) - 치즈크러스트 미디엄', 'https://www.pizzahut.co.kr/popup/popup_allergy.do', '2026-06-29', 'active', true),
  ((select id from public.brands where slug = 'pizzahut'), (select id from public.categories where slug = 'pizza'), 'pizzahut-038', '직화불고기(M) - 오리지널 엣지 미디엄', 'https://www.pizzahut.co.kr/popup/popup_allergy.do', '2026-06-29', 'active', true),
  ((select id from public.brands where slug = 'pizzahut'), (select id from public.categories where slug = 'pizza'), 'pizzahut-039', '직화불고기(M) - 리치골드 미디엄', 'https://www.pizzahut.co.kr/popup/popup_allergy.do', '2026-06-29', 'active', true),
  ((select id from public.brands where slug = 'pizzahut'), (select id from public.categories where slug = 'pizza'), 'pizzahut-040', '야채(L) - 치즈크러스트 라지', 'https://www.pizzahut.co.kr/popup/popup_allergy.do', '2026-06-29', 'active', true),
  ((select id from public.brands where slug = 'pizzahut'), (select id from public.categories where slug = 'pizza'), 'pizzahut-041', '야채(L) - 리치골드 라지', 'https://www.pizzahut.co.kr/popup/popup_allergy.do', '2026-06-29', 'active', true),
  ((select id from public.brands where slug = 'pizzahut'), (select id from public.categories where slug = 'pizza'), 'pizzahut-042', '야채(M) - 치즈크러스트 미디엄', 'https://www.pizzahut.co.kr/popup/popup_allergy.do', '2026-06-29', 'active', true),
  ((select id from public.brands where slug = 'pizzahut'), (select id from public.categories where slug = 'pizza'), 'pizzahut-043', '야채(M) - 리치골드 미디엄', 'https://www.pizzahut.co.kr/popup/popup_allergy.do', '2026-06-29', 'active', true),
  ((select id from public.brands where slug = 'pizzahut'), (select id from public.categories where slug = 'pizza'), 'pizzahut-044', '모짜렐라 치즈 추가', 'https://www.pizzahut.co.kr/popup/popup_allergy.do', '2026-06-29', 'active', true),
  ((select id from public.brands where slug = 'pizzahut'), (select id from public.categories where slug = 'pizza'), 'pizzahut-045', '수퍼슈프림(M)(야구장) - 리치골드 미디엄', 'https://www.pizzahut.co.kr/popup/popup_allergy.do', '2026-06-29', 'active', true),
  ((select id from public.brands where slug = 'pizzahut'), (select id from public.categories where slug = 'pizza'), 'pizzahut-046', '직화불고기(M)(야구장) - 리치골드 미디엄', 'https://www.pizzahut.co.kr/popup/popup_allergy.do', '2026-06-29', 'active', true),
  ((select id from public.brands where slug = 'pizzahut'), (select id from public.categories where slug = 'pizza'), 'pizzahut-047', '베이컨포테이토(M)(야구장) - 리치골드 미디엄', 'https://www.pizzahut.co.kr/popup/popup_allergy.do', '2026-06-29', 'active', true),
  ((select id from public.brands where slug = 'pizzahut'), (select id from public.categories where slug = 'pizza'), 'pizzahut-048', '페페로니(M)(야구장) - 리치골드 미디엄', 'https://www.pizzahut.co.kr/popup/popup_allergy.do', '2026-06-29', 'active', true),
  ((select id from public.brands where slug = 'pizzahut'), (select id from public.categories where slug = 'pizza'), 'pizzahut-049', '페페로니 러버', 'https://www.pizzahut.co.kr/popup/popup_allergy.do', '2026-06-29', 'active', true),
  ((select id from public.brands where slug = 'pizzahut'), (select id from public.categories where slug = 'pizza'), 'pizzahut-050', '위스콘신 포테이토', 'https://www.pizzahut.co.kr/popup/popup_allergy.do', '2026-06-29', 'active', true),
  ((select id from public.brands where slug = 'pizzahut'), (select id from public.categories where slug = 'pizza'), 'pizzahut-051', '치즈 러버(L) - 핫도그 엣지 라지', 'https://www.pizzahut.co.kr/popup/popup_allergy.do', '2026-06-29', 'active', true),
  ((select id from public.brands where slug = 'pizzahut'), (select id from public.categories where slug = 'pizza'), 'pizzahut-052', '치즈 러버(L) - 치즈크러스트 골드 라지', 'https://www.pizzahut.co.kr/popup/popup_allergy.do', '2026-06-29', 'active', true),
  ((select id from public.brands where slug = 'pizzahut'), (select id from public.categories where slug = 'pizza'), 'pizzahut-053', '치즈 러버(L) - 리치골드 라지', 'https://www.pizzahut.co.kr/popup/popup_allergy.do', '2026-06-29', 'active', true),
  ((select id from public.brands where slug = 'pizzahut'), (select id from public.categories where slug = 'pizza'), 'pizzahut-054', '치즈 러버(L) - 치즈크러스트 라지', 'https://www.pizzahut.co.kr/popup/popup_allergy.do', '2026-06-29', 'active', true),
  ((select id from public.brands where slug = 'pizzahut'), (select id from public.categories where slug = 'pizza'), 'pizzahut-055', '치즈 러버(L) - 오리지널 엣지 라지', 'https://www.pizzahut.co.kr/popup/popup_allergy.do', '2026-06-29', 'active', true),
  ((select id from public.brands where slug = 'pizzahut'), (select id from public.categories where slug = 'pizza'), 'pizzahut-056', '치즈 러버(L) - 팬 도우 라지', 'https://www.pizzahut.co.kr/popup/popup_allergy.do', '2026-06-29', 'active', true),
  ((select id from public.brands where slug = 'pizzahut'), (select id from public.categories where slug = 'pizza'), 'pizzahut-057', '치즈 러버(L) - 씬 도우 라지', 'https://www.pizzahut.co.kr/popup/popup_allergy.do', '2026-06-29', 'active', true),
  ((select id from public.brands where slug = 'pizzahut'), (select id from public.categories where slug = 'pizza'), 'pizzahut-058', '치즈 러버(M) - 핫도그 엣지 미디엄', 'https://www.pizzahut.co.kr/popup/popup_allergy.do', '2026-06-29', 'active', true),
  ((select id from public.brands where slug = 'pizzahut'), (select id from public.categories where slug = 'pizza'), 'pizzahut-059', '치즈 러버(M) - 치즈크러스트 골드 미디엄', 'https://www.pizzahut.co.kr/popup/popup_allergy.do', '2026-06-29', 'active', true),
  ((select id from public.brands where slug = 'pizzahut'), (select id from public.categories where slug = 'pizza'), 'pizzahut-060', '치즈 러버(M) - 리치골드 미디엄', 'https://www.pizzahut.co.kr/popup/popup_allergy.do', '2026-06-29', 'active', true),
  ((select id from public.brands where slug = 'pizzahut'), (select id from public.categories where slug = 'pizza'), 'pizzahut-061', '치즈 러버(M) - 치즈크러스트 미디엄', 'https://www.pizzahut.co.kr/popup/popup_allergy.do', '2026-06-29', 'active', true),
  ((select id from public.brands where slug = 'pizzahut'), (select id from public.categories where slug = 'pizza'), 'pizzahut-062', '치즈 러버(M) - 오리지널 엣지 미디엄', 'https://www.pizzahut.co.kr/popup/popup_allergy.do', '2026-06-29', 'active', true),
  ((select id from public.brands where slug = 'pizzahut'), (select id from public.categories where slug = 'pizza'), 'pizzahut-063', '페페로니 러버(L) - 핫도그 엣지 라지', 'https://www.pizzahut.co.kr/popup/popup_allergy.do', '2026-06-29', 'active', true),
  ((select id from public.brands where slug = 'pizzahut'), (select id from public.categories where slug = 'pizza'), 'pizzahut-064', '페페로니 러버(L) - 치즈크러스트 골드 라지', 'https://www.pizzahut.co.kr/popup/popup_allergy.do', '2026-06-29', 'active', true),
  ((select id from public.brands where slug = 'pizzahut'), (select id from public.categories where slug = 'pizza'), 'pizzahut-065', '페페로니 러버(L) - 리치골드 라지', 'https://www.pizzahut.co.kr/popup/popup_allergy.do', '2026-06-29', 'active', true),
  ((select id from public.brands where slug = 'pizzahut'), (select id from public.categories where slug = 'pizza'), 'pizzahut-066', '페페로니 러버(L) - 치즈크러스트 라지', 'https://www.pizzahut.co.kr/popup/popup_allergy.do', '2026-06-29', 'active', true),
  ((select id from public.brands where slug = 'pizzahut'), (select id from public.categories where slug = 'pizza'), 'pizzahut-067', '페페로니 러버(L) - 오리지널 엣지 라지', 'https://www.pizzahut.co.kr/popup/popup_allergy.do', '2026-06-29', 'active', true),
  ((select id from public.brands where slug = 'pizzahut'), (select id from public.categories where slug = 'pizza'), 'pizzahut-068', '페페로니 러버(L) - 팬 도우 라지', 'https://www.pizzahut.co.kr/popup/popup_allergy.do', '2026-06-29', 'active', true),
  ((select id from public.brands where slug = 'pizzahut'), (select id from public.categories where slug = 'pizza'), 'pizzahut-069', '페페로니 러버(L) - 씬 도우 라지', 'https://www.pizzahut.co.kr/popup/popup_allergy.do', '2026-06-29', 'active', true),
  ((select id from public.brands where slug = 'pizzahut'), (select id from public.categories where slug = 'pizza'), 'pizzahut-070', '페페로니 러버(M) - 핫도그 엣지 미디엄', 'https://www.pizzahut.co.kr/popup/popup_allergy.do', '2026-06-29', 'active', true),
  ((select id from public.brands where slug = 'pizzahut'), (select id from public.categories where slug = 'pizza'), 'pizzahut-071', '페페로니 러버(M) - 치즈크러스트 골드 미디엄', 'https://www.pizzahut.co.kr/popup/popup_allergy.do', '2026-06-29', 'active', true),
  ((select id from public.brands where slug = 'pizzahut'), (select id from public.categories where slug = 'pizza'), 'pizzahut-072', '페페로니 러버(M) - 리치골드 미디엄', 'https://www.pizzahut.co.kr/popup/popup_allergy.do', '2026-06-29', 'active', true),
  ((select id from public.brands where slug = 'pizzahut'), (select id from public.categories where slug = 'pizza'), 'pizzahut-073', '페페로니 러버(M) - 치즈크러스트 미디엄', 'https://www.pizzahut.co.kr/popup/popup_allergy.do', '2026-06-29', 'active', true),
  ((select id from public.brands where slug = 'pizzahut'), (select id from public.categories where slug = 'pizza'), 'pizzahut-074', '페페로니 러버(M) - 오리지널 엣지 미디엄', 'https://www.pizzahut.co.kr/popup/popup_allergy.do', '2026-06-29', 'active', true),
  ((select id from public.brands where slug = 'pizzahut'), (select id from public.categories where slug = 'pizza'), 'pizzahut-075', '알로하 하와이(L) - 핫도그 엣지 라지', 'https://www.pizzahut.co.kr/popup/popup_allergy.do', '2026-06-29', 'active', true),
  ((select id from public.brands where slug = 'pizzahut'), (select id from public.categories where slug = 'pizza'), 'pizzahut-076', '알로하 하와이(L) - 치즈크러스트 골드 라지', 'https://www.pizzahut.co.kr/popup/popup_allergy.do', '2026-06-29', 'active', true),
  ((select id from public.brands where slug = 'pizzahut'), (select id from public.categories where slug = 'pizza'), 'pizzahut-077', '알로하 하와이(L) - 리치골드 라지', 'https://www.pizzahut.co.kr/popup/popup_allergy.do', '2026-06-29', 'active', true),
  ((select id from public.brands where slug = 'pizzahut'), (select id from public.categories where slug = 'pizza'), 'pizzahut-078', '알로하 하와이(L) - 치즈크러스트 라지', 'https://www.pizzahut.co.kr/popup/popup_allergy.do', '2026-06-29', 'active', true),
  ((select id from public.brands where slug = 'pizzahut'), (select id from public.categories where slug = 'pizza'), 'pizzahut-079', '알로하 하와이(L) - 오리지널 엣지 라지', 'https://www.pizzahut.co.kr/popup/popup_allergy.do', '2026-06-29', 'active', true),
  ((select id from public.brands where slug = 'pizzahut'), (select id from public.categories where slug = 'pizza'), 'pizzahut-080', '알로하 하와이(L) - 오리지널 도우 라지 (FA)', 'https://www.pizzahut.co.kr/popup/popup_allergy.do', '2026-06-29', 'active', true),
  ((select id from public.brands where slug = 'pizzahut'), (select id from public.categories where slug = 'pizza'), 'pizzahut-081', '알로하 하와이(L) - 팬 도우 라지', 'https://www.pizzahut.co.kr/popup/popup_allergy.do', '2026-06-29', 'active', true),
  ((select id from public.brands where slug = 'pizzahut'), (select id from public.categories where slug = 'pizza'), 'pizzahut-082', '알로하 하와이(L) - 씬 도우 라지', 'https://www.pizzahut.co.kr/popup/popup_allergy.do', '2026-06-29', 'active', true),
  ((select id from public.brands where slug = 'pizzahut'), (select id from public.categories where slug = 'pizza'), 'pizzahut-083', '알로하 하와이(M) - 핫도그 엣지 미디엄', 'https://www.pizzahut.co.kr/popup/popup_allergy.do', '2026-06-29', 'active', true),
  ((select id from public.brands where slug = 'pizzahut'), (select id from public.categories where slug = 'pizza'), 'pizzahut-084', '알로하 하와이(M) - 치즈크러스트 골드 미디엄', 'https://www.pizzahut.co.kr/popup/popup_allergy.do', '2026-06-29', 'active', true),
  ((select id from public.brands where slug = 'pizzahut'), (select id from public.categories where slug = 'pizza'), 'pizzahut-085', '알로하 하와이(M) - 리치골드 미디엄', 'https://www.pizzahut.co.kr/popup/popup_allergy.do', '2026-06-29', 'active', true),
  ((select id from public.brands where slug = 'pizzahut'), (select id from public.categories where slug = 'pizza'), 'pizzahut-086', '알로하 하와이(M) - 치즈크러스트 미디엄', 'https://www.pizzahut.co.kr/popup/popup_allergy.do', '2026-06-29', 'active', true),
  ((select id from public.brands where slug = 'pizzahut'), (select id from public.categories where slug = 'pizza'), 'pizzahut-087', '알로하 하와이(M) - 오리지널 엣지 미디엄', 'https://www.pizzahut.co.kr/popup/popup_allergy.do', '2026-06-29', 'active', true),
  ((select id from public.brands where slug = 'pizzahut'), (select id from public.categories where slug = 'pizza'), 'pizzahut-088', '콤비네이션(L) - 핫도그 엣지 라지', 'https://www.pizzahut.co.kr/popup/popup_allergy.do', '2026-06-29', 'active', true),
  ((select id from public.brands where slug = 'pizzahut'), (select id from public.categories where slug = 'pizza'), 'pizzahut-089', '콤비네이션(L) - 치즈크러스트 골드 라지', 'https://www.pizzahut.co.kr/popup/popup_allergy.do', '2026-06-29', 'active', true),
  ((select id from public.brands where slug = 'pizzahut'), (select id from public.categories where slug = 'pizza'), 'pizzahut-090', '콤비네이션(L) - 리치골드 라지', 'https://www.pizzahut.co.kr/popup/popup_allergy.do', '2026-06-29', 'active', true),
  ((select id from public.brands where slug = 'pizzahut'), (select id from public.categories where slug = 'pizza'), 'pizzahut-091', '콤비네이션(L) - 치즈크러스트 라지', 'https://www.pizzahut.co.kr/popup/popup_allergy.do', '2026-06-29', 'active', true),
  ((select id from public.brands where slug = 'pizzahut'), (select id from public.categories where slug = 'pizza'), 'pizzahut-092', '콤비네이션(L) - 오리지널 엣지 라지', 'https://www.pizzahut.co.kr/popup/popup_allergy.do', '2026-06-29', 'active', true),
  ((select id from public.brands where slug = 'pizzahut'), (select id from public.categories where slug = 'pizza'), 'pizzahut-093', '콤비네이션(L) - 팬 도우 라지', 'https://www.pizzahut.co.kr/popup/popup_allergy.do', '2026-06-29', 'active', true),
  ((select id from public.brands where slug = 'pizzahut'), (select id from public.categories where slug = 'pizza'), 'pizzahut-094', '콤비네이션(L) - 씬 도우 라지', 'https://www.pizzahut.co.kr/popup/popup_allergy.do', '2026-06-29', 'active', true),
  ((select id from public.brands where slug = 'pizzahut'), (select id from public.categories where slug = 'pizza'), 'pizzahut-095', '콤비네이션(M) - 핫도그 엣지 미디엄', 'https://www.pizzahut.co.kr/popup/popup_allergy.do', '2026-06-29', 'active', true),
  ((select id from public.brands where slug = 'pizzahut'), (select id from public.categories where slug = 'pizza'), 'pizzahut-096', '콤비네이션(M) - 치즈크러스트 골드 미디엄', 'https://www.pizzahut.co.kr/popup/popup_allergy.do', '2026-06-29', 'active', true),
  ((select id from public.brands where slug = 'pizzahut'), (select id from public.categories where slug = 'pizza'), 'pizzahut-097', '콤비네이션(M) - 리치골드 미디엄', 'https://www.pizzahut.co.kr/popup/popup_allergy.do', '2026-06-29', 'active', true),
  ((select id from public.brands where slug = 'pizzahut'), (select id from public.categories where slug = 'pizza'), 'pizzahut-098', '콤비네이션(M) - 치즈크러스트 미디엄', 'https://www.pizzahut.co.kr/popup/popup_allergy.do', '2026-06-29', 'active', true),
  ((select id from public.brands where slug = 'pizzahut'), (select id from public.categories where slug = 'pizza'), 'pizzahut-099', '콤비네이션(M) - 오리지널 엣지 미디엄', 'https://www.pizzahut.co.kr/popup/popup_allergy.do', '2026-06-29', 'active', true),
  ((select id from public.brands where slug = 'pizzahut'), (select id from public.categories where slug = 'pizza'), 'pizzahut-100', '베이컨포테이토 조각피자(SDI)', 'https://www.pizzahut.co.kr/popup/popup_allergy.do', '2026-06-29', 'active', true),
  ((select id from public.brands where slug = 'pizzahut'), (select id from public.categories where slug = 'pizza'), 'pizzahut-101', '직화불고기 조각피자(SDI)', 'https://www.pizzahut.co.kr/popup/popup_allergy.do', '2026-06-29', 'active', true),
  ((select id from public.brands where slug = 'pizzahut'), (select id from public.categories where slug = 'pizza'), 'pizzahut-102', '수퍼슈프림 조각피자(SDI)', 'https://www.pizzahut.co.kr/popup/popup_allergy.do', '2026-06-29', 'active', true),
  ((select id from public.brands where slug = 'pizzahut'), (select id from public.categories where slug = 'pizza'), 'pizzahut-103', '씨푸드킹(L) - 핫도그 엣지 라지', 'https://www.pizzahut.co.kr/popup/popup_allergy.do', '2026-06-29', 'active', true),
  ((select id from public.brands where slug = 'pizzahut'), (select id from public.categories where slug = 'pizza'), 'pizzahut-104', '씨푸드킹(L) - 치즈크러스트 골드 라지', 'https://www.pizzahut.co.kr/popup/popup_allergy.do', '2026-06-29', 'active', true),
  ((select id from public.brands where slug = 'pizzahut'), (select id from public.categories where slug = 'pizza'), 'pizzahut-105', '씨푸드킹(L) - 리치골드 라지', 'https://www.pizzahut.co.kr/popup/popup_allergy.do', '2026-06-29', 'active', true),
  ((select id from public.brands where slug = 'pizzahut'), (select id from public.categories where slug = 'pizza'), 'pizzahut-106', '씨푸드킹(L) - 치즈크러스트 라지', 'https://www.pizzahut.co.kr/popup/popup_allergy.do', '2026-06-29', 'active', true),
  ((select id from public.brands where slug = 'pizzahut'), (select id from public.categories where slug = 'pizza'), 'pizzahut-107', '씨푸드킹(L) - 오리지널 엣지 라지', 'https://www.pizzahut.co.kr/popup/popup_allergy.do', '2026-06-29', 'active', true),
  ((select id from public.brands where slug = 'pizzahut'), (select id from public.categories where slug = 'pizza'), 'pizzahut-108', '씨푸드킹(L) - 씬 도우 라지', 'https://www.pizzahut.co.kr/popup/popup_allergy.do', '2026-06-29', 'active', true),
  ((select id from public.brands where slug = 'pizzahut'), (select id from public.categories where slug = 'pizza'), 'pizzahut-109', '씨푸드킹(M) - 핫도그 엣지 미디엄', 'https://www.pizzahut.co.kr/popup/popup_allergy.do', '2026-06-29', 'active', true),
  ((select id from public.brands where slug = 'pizzahut'), (select id from public.categories where slug = 'pizza'), 'pizzahut-110', '씨푸드킹(M) - 치즈크러스트 골드 미디엄', 'https://www.pizzahut.co.kr/popup/popup_allergy.do', '2026-06-29', 'active', true),
  ((select id from public.brands where slug = 'pizzahut'), (select id from public.categories where slug = 'pizza'), 'pizzahut-111', '씨푸드킹(M) - 리치골드 미디엄', 'https://www.pizzahut.co.kr/popup/popup_allergy.do', '2026-06-29', 'active', true),
  ((select id from public.brands where slug = 'pizzahut'), (select id from public.categories where slug = 'pizza'), 'pizzahut-112', '씨푸드킹(M) - 치즈크러스트 미디엄', 'https://www.pizzahut.co.kr/popup/popup_allergy.do', '2026-06-29', 'active', true),
  ((select id from public.brands where slug = 'pizzahut'), (select id from public.categories where slug = 'pizza'), 'pizzahut-113', '씨푸드킹(M) - 오리지널 엣지 미디엄', 'https://www.pizzahut.co.kr/popup/popup_allergy.do', '2026-06-29', 'active', true),
  ((select id from public.brands where slug = 'pizzahut'), (select id from public.categories where slug = 'pizza'), 'pizzahut-114', '포테이토 스페셜(M) - 치즈크러스트 골드 미디엄', 'https://www.pizzahut.co.kr/popup/popup_allergy.do', '2026-06-29', 'active', true),
  ((select id from public.brands where slug = 'pizzahut'), (select id from public.categories where slug = 'pizza'), 'pizzahut-115', '포테이토 스페셜(M) - 리치골드 미디엄', 'https://www.pizzahut.co.kr/popup/popup_allergy.do', '2026-06-29', 'active', true),
  ((select id from public.brands where slug = 'pizzahut'), (select id from public.categories where slug = 'pizza'), 'pizzahut-116', '포테이토 스페셜(M) - 오리지널 엣지 미디엄', 'https://www.pizzahut.co.kr/popup/popup_allergy.do', '2026-06-29', 'active', true),
  ((select id from public.brands where slug = 'pizzahut'), (select id from public.categories where slug = 'pizza'), 'pizzahut-117', '포테이토 스페셜(M) - 치즈크러스트 미디엄', 'https://www.pizzahut.co.kr/popup/popup_allergy.do', '2026-06-29', 'active', true),
  ((select id from public.brands where slug = 'pizzahut'), (select id from public.categories where slug = 'pizza'), 'pizzahut-118', 'LA BBQ불고기(L) - 핫도그 엣지 라지', 'https://www.pizzahut.co.kr/popup/popup_allergy.do', '2026-06-29', 'active', true),
  ((select id from public.brands where slug = 'pizzahut'), (select id from public.categories where slug = 'pizza'), 'pizzahut-119', 'LA BBQ불고기(L) - 치즈크러스트 골드 라지', 'https://www.pizzahut.co.kr/popup/popup_allergy.do', '2026-06-29', 'active', true),
  ((select id from public.brands where slug = 'pizzahut'), (select id from public.categories where slug = 'pizza'), 'pizzahut-120', 'LA BBQ불고기(L) - 리치골드 라지', 'https://www.pizzahut.co.kr/popup/popup_allergy.do', '2026-06-29', 'active', true),
  ((select id from public.brands where slug = 'pizzahut'), (select id from public.categories where slug = 'pizza'), 'pizzahut-121', 'LA BBQ불고기(L) - 치즈크러스트 라지', 'https://www.pizzahut.co.kr/popup/popup_allergy.do', '2026-06-29', 'active', true),
  ((select id from public.brands where slug = 'pizzahut'), (select id from public.categories where slug = 'pizza'), 'pizzahut-122', 'LA BBQ불고기(L) - 오리지널 엣지 라지', 'https://www.pizzahut.co.kr/popup/popup_allergy.do', '2026-06-29', 'active', true),
  ((select id from public.brands where slug = 'pizzahut'), (select id from public.categories where slug = 'pizza'), 'pizzahut-123', 'LA BBQ불고기(L) - 오리지널 도우 라지 (FA)', 'https://www.pizzahut.co.kr/popup/popup_allergy.do', '2026-06-29', 'active', true),
  ((select id from public.brands where slug = 'pizzahut'), (select id from public.categories where slug = 'pizza'), 'pizzahut-124', 'LA BBQ불고기(L) - 팬 도우 라지', 'https://www.pizzahut.co.kr/popup/popup_allergy.do', '2026-06-29', 'active', true),
  ((select id from public.brands where slug = 'pizzahut'), (select id from public.categories where slug = 'pizza'), 'pizzahut-125', 'LA BBQ불고기(L) - 씬 도우 라지', 'https://www.pizzahut.co.kr/popup/popup_allergy.do', '2026-06-29', 'active', true),
  ((select id from public.brands where slug = 'pizzahut'), (select id from public.categories where slug = 'pizza'), 'pizzahut-126', 'LA BBQ불고기(M) - 핫도그 엣지 미디엄', 'https://www.pizzahut.co.kr/popup/popup_allergy.do', '2026-06-29', 'active', true),
  ((select id from public.brands where slug = 'pizzahut'), (select id from public.categories where slug = 'pizza'), 'pizzahut-127', 'LA BBQ불고기(M) - 치즈크러스트 골드 미디엄', 'https://www.pizzahut.co.kr/popup/popup_allergy.do', '2026-06-29', 'active', true),
  ((select id from public.brands where slug = 'pizzahut'), (select id from public.categories where slug = 'pizza'), 'pizzahut-128', 'LA BBQ불고기(M) - 리치골드 미디엄', 'https://www.pizzahut.co.kr/popup/popup_allergy.do', '2026-06-29', 'active', true),
  ((select id from public.brands where slug = 'pizzahut'), (select id from public.categories where slug = 'pizza'), 'pizzahut-129', 'LA BBQ불고기(M) - 치즈크러스트 미디엄', 'https://www.pizzahut.co.kr/popup/popup_allergy.do', '2026-06-29', 'active', true),
  ((select id from public.brands where slug = 'pizzahut'), (select id from public.categories where slug = 'pizza'), 'pizzahut-130', 'LA BBQ불고기(M) - 오리지널 엣지 미디엄', 'https://www.pizzahut.co.kr/popup/popup_allergy.do', '2026-06-29', 'active', true),
  ((select id from public.brands where slug = 'pizzahut'), (select id from public.categories where slug = 'pizza'), 'pizzahut-131', '멜팅치즈 포테이토(L) - 핫도그 엣지 라지', 'https://www.pizzahut.co.kr/popup/popup_allergy.do', '2026-06-29', 'active', true),
  ((select id from public.brands where slug = 'pizzahut'), (select id from public.categories where slug = 'pizza'), 'pizzahut-132', '멜팅치즈 포테이토(L) - 치즈크러스트 골드 라지', 'https://www.pizzahut.co.kr/popup/popup_allergy.do', '2026-06-29', 'active', true),
  ((select id from public.brands where slug = 'pizzahut'), (select id from public.categories where slug = 'pizza'), 'pizzahut-133', '멜팅치즈 포테이토(L) - 리치골드 라지', 'https://www.pizzahut.co.kr/popup/popup_allergy.do', '2026-06-29', 'active', true),
  ((select id from public.brands where slug = 'pizzahut'), (select id from public.categories where slug = 'pizza'), 'pizzahut-134', '멜팅치즈 포테이토(L) - 치즈크러스트 라지', 'https://www.pizzahut.co.kr/popup/popup_allergy.do', '2026-06-29', 'active', true),
  ((select id from public.brands where slug = 'pizzahut'), (select id from public.categories where slug = 'pizza'), 'pizzahut-135', '멜팅치즈 포테이토(L) - 오리지널 엣지 라지', 'https://www.pizzahut.co.kr/popup/popup_allergy.do', '2026-06-29', 'active', true),
  ((select id from public.brands where slug = 'pizzahut'), (select id from public.categories where slug = 'pizza'), 'pizzahut-136', '멜팅치즈 포테이토(L) - 팬 도우 라지', 'https://www.pizzahut.co.kr/popup/popup_allergy.do', '2026-06-29', 'active', true),
  ((select id from public.brands where slug = 'pizzahut'), (select id from public.categories where slug = 'pizza'), 'pizzahut-137', '멜팅치즈 포테이토(L) - 씬 도우 라지', 'https://www.pizzahut.co.kr/popup/popup_allergy.do', '2026-06-29', 'active', true),
  ((select id from public.brands where slug = 'pizzahut'), (select id from public.categories where slug = 'pizza'), 'pizzahut-138', '멜팅치즈 포테이토(M) - 핫도그 엣지 미디엄', 'https://www.pizzahut.co.kr/popup/popup_allergy.do', '2026-06-29', 'active', true),
  ((select id from public.brands where slug = 'pizzahut'), (select id from public.categories where slug = 'pizza'), 'pizzahut-139', '멜팅치즈 포테이토(M) - 치즈크러스트 골드 미디엄', 'https://www.pizzahut.co.kr/popup/popup_allergy.do', '2026-06-29', 'active', true),
  ((select id from public.brands where slug = 'pizzahut'), (select id from public.categories where slug = 'pizza'), 'pizzahut-140', '멜팅치즈 포테이토(M) - 리치골드 미디엄', 'https://www.pizzahut.co.kr/popup/popup_allergy.do', '2026-06-29', 'active', true),
  ((select id from public.brands where slug = 'pizzahut'), (select id from public.categories where slug = 'pizza'), 'pizzahut-141', '멜팅치즈 포테이토(M) - 치즈크러스트 미디엄', 'https://www.pizzahut.co.kr/popup/popup_allergy.do', '2026-06-29', 'active', true),
  ((select id from public.brands where slug = 'pizzahut'), (select id from public.categories where slug = 'pizza'), 'pizzahut-142', '멜팅치즈 포테이토(M) - 오리지널 엣지 미디엄', 'https://www.pizzahut.co.kr/popup/popup_allergy.do', '2026-06-29', 'active', true),
  ((select id from public.brands where slug = 'pizzahut'), (select id from public.categories where slug = 'pizza'), 'pizzahut-143', '비프 체다 피자(4조각)', 'https://www.pizzahut.co.kr/popup/popup_allergy.do', '2026-06-29', 'active', true),
  ((select id from public.brands where slug = 'pizzahut'), (select id from public.categories where slug = 'pizza'), 'pizzahut-144', '고르곤졸라 피자(4조각)', 'https://www.pizzahut.co.kr/popup/popup_allergy.do', '2026-06-29', 'active', true),
  ((select id from public.brands where slug = 'pizzahut'), (select id from public.categories where slug = 'pizza'), 'pizzahut-145', '갈릭버터쉬림프(L) - 핫도그 엣지 라지', 'https://www.pizzahut.co.kr/popup/popup_allergy.do', '2026-06-29', 'active', true),
  ((select id from public.brands where slug = 'pizzahut'), (select id from public.categories where slug = 'pizza'), 'pizzahut-146', '갈릭버터쉬림프(L) - 치즈크러스트 골드 라지', 'https://www.pizzahut.co.kr/popup/popup_allergy.do', '2026-06-29', 'active', true),
  ((select id from public.brands where slug = 'pizzahut'), (select id from public.categories where slug = 'pizza'), 'pizzahut-147', '갈릭버터쉬림프(L) - 리치골드 라지', 'https://www.pizzahut.co.kr/popup/popup_allergy.do', '2026-06-29', 'active', true),
  ((select id from public.brands where slug = 'pizzahut'), (select id from public.categories where slug = 'pizza'), 'pizzahut-148', '갈릭버터쉬림프(L) - 치즈크러스트 라지', 'https://www.pizzahut.co.kr/popup/popup_allergy.do', '2026-06-29', 'active', true),
  ((select id from public.brands where slug = 'pizzahut'), (select id from public.categories where slug = 'pizza'), 'pizzahut-149', '갈릭버터쉬림프(L) - 오리지널 엣지 라지', 'https://www.pizzahut.co.kr/popup/popup_allergy.do', '2026-06-29', 'active', true),
  ((select id from public.brands where slug = 'pizzahut'), (select id from public.categories where slug = 'pizza'), 'pizzahut-150', '갈릭버터쉬림프(L) - 씬 도우 라지', 'https://www.pizzahut.co.kr/popup/popup_allergy.do', '2026-06-29', 'active', true),
  ((select id from public.brands where slug = 'pizzahut'), (select id from public.categories where slug = 'pizza'), 'pizzahut-151', '뉴올리언스 갈릭쉬림프', 'https://www.pizzahut.co.kr/popup/popup_allergy.do', '2026-06-29', 'active', true),
  ((select id from public.brands where slug = 'pizzahut'), (select id from public.categories where slug = 'pizza'), 'pizzahut-152', 'LA 불고기 디럭스', 'https://www.pizzahut.co.kr/popup/popup_allergy.do', '2026-06-29', 'active', true),
  ((select id from public.brands where slug = 'pizzahut'), (select id from public.categories where slug = 'pizza'), 'pizzahut-153', '베지 러버(L) - 핫도그 엣지 라지', 'https://www.pizzahut.co.kr/popup/popup_allergy.do', '2026-06-29', 'active', true),
  ((select id from public.brands where slug = 'pizzahut'), (select id from public.categories where slug = 'pizza'), 'pizzahut-154', '베지 러버(L) - 치즈크러스트 골드 라지', 'https://www.pizzahut.co.kr/popup/popup_allergy.do', '2026-06-29', 'active', true),
  ((select id from public.brands where slug = 'pizzahut'), (select id from public.categories where slug = 'pizza'), 'pizzahut-155', '베지 러버(L) - 리치골드 라지', 'https://www.pizzahut.co.kr/popup/popup_allergy.do', '2026-06-29', 'active', true),
  ((select id from public.brands where slug = 'pizzahut'), (select id from public.categories where slug = 'pizza'), 'pizzahut-156', '베지 러버(L) - 치즈크러스트 라지', 'https://www.pizzahut.co.kr/popup/popup_allergy.do', '2026-06-29', 'active', true),
  ((select id from public.brands where slug = 'pizzahut'), (select id from public.categories where slug = 'pizza'), 'pizzahut-157', '베지 러버(L) - 오리지널 엣지 라지', 'https://www.pizzahut.co.kr/popup/popup_allergy.do', '2026-06-29', 'active', true),
  ((select id from public.brands where slug = 'pizzahut'), (select id from public.categories where slug = 'pizza'), 'pizzahut-158', '베지 러버(L) - 오리지널 도우 라지 (FA)', 'https://www.pizzahut.co.kr/popup/popup_allergy.do', '2026-06-29', 'active', true),
  ((select id from public.brands where slug = 'pizzahut'), (select id from public.categories where slug = 'pizza'), 'pizzahut-159', '베지 러버(L) - 팬 도우 라지', 'https://www.pizzahut.co.kr/popup/popup_allergy.do', '2026-06-29', 'active', true),
  ((select id from public.brands where slug = 'pizzahut'), (select id from public.categories where slug = 'pizza'), 'pizzahut-160', '베지 러버(L) - 씬 도우 라지', 'https://www.pizzahut.co.kr/popup/popup_allergy.do', '2026-06-29', 'active', true),
  ((select id from public.brands where slug = 'pizzahut'), (select id from public.categories where slug = 'pizza'), 'pizzahut-161', '베지 러버(M) - 핫도그 엣지 미디엄', 'https://www.pizzahut.co.kr/popup/popup_allergy.do', '2026-06-29', 'active', true),
  ((select id from public.brands where slug = 'pizzahut'), (select id from public.categories where slug = 'pizza'), 'pizzahut-162', '베지 러버(M) - 치즈크러스트 골드 미디엄', 'https://www.pizzahut.co.kr/popup/popup_allergy.do', '2026-06-29', 'active', true),
  ((select id from public.brands where slug = 'pizzahut'), (select id from public.categories where slug = 'pizza'), 'pizzahut-163', '베지 러버(M) - 리치골드 미디엄', 'https://www.pizzahut.co.kr/popup/popup_allergy.do', '2026-06-29', 'active', true),
  ((select id from public.brands where slug = 'pizzahut'), (select id from public.categories where slug = 'pizza'), 'pizzahut-164', '베지 러버(M) - 오리지널 엣지 미디엄', 'https://www.pizzahut.co.kr/popup/popup_allergy.do', '2026-06-29', 'active', true),
  ((select id from public.brands where slug = 'pizzahut'), (select id from public.categories where slug = 'pizza'), 'pizzahut-165', '베지 러버(M) - 치즈크러스트 미디엄', 'https://www.pizzahut.co.kr/popup/popup_allergy.do', '2026-06-29', 'active', true),
  ((select id from public.brands where slug = 'pizzahut'), (select id from public.categories where slug = 'pizza'), 'pizzahut-166', '스모키미트 스페셜(M) - 치즈크러스트 골드 미디엄', 'https://www.pizzahut.co.kr/popup/popup_allergy.do', '2026-06-29', 'active', true),
  ((select id from public.brands where slug = 'pizzahut'), (select id from public.categories where slug = 'pizza'), 'pizzahut-167', '스모키미트 스페셜(M) - 리치골드 미디엄', 'https://www.pizzahut.co.kr/popup/popup_allergy.do', '2026-06-29', 'active', true),
  ((select id from public.brands where slug = 'pizzahut'), (select id from public.categories where slug = 'pizza'), 'pizzahut-168', '스모키미트 스페셜(M) - 오리지널 엣지 미디엄', 'https://www.pizzahut.co.kr/popup/popup_allergy.do', '2026-06-29', 'active', true),
  ((select id from public.brands where slug = 'pizzahut'), (select id from public.categories where slug = 'pizza'), 'pizzahut-169', '스모키미트 스페셜(M) - 치즈크러스트 미디엄', 'https://www.pizzahut.co.kr/popup/popup_allergy.do', '2026-06-29', 'active', true),
  ((select id from public.brands where slug = 'pizzahut'), (select id from public.categories where slug = 'pizza'), 'pizzahut-170', '리코타 샐러드 피자 M', 'https://www.pizzahut.co.kr/popup/popup_allergy.do', '2026-06-29', 'active', true),
  ((select id from public.brands where slug = 'pizzahut'), (select id from public.categories where slug = 'pizza'), 'pizzahut-171', '리코타 샐러드 피자 M - 오리지널 엣지 미디엄', 'https://www.pizzahut.co.kr/popup/popup_allergy.do', '2026-06-29', 'active', true),
  ((select id from public.brands where slug = 'pizzahut'), (select id from public.categories where slug = 'pizza'), 'pizzahut-172', '리코타 샐러드 피자 S', 'https://www.pizzahut.co.kr/popup/popup_allergy.do', '2026-06-29', 'active', true),
  ((select id from public.brands where slug = 'pizzahut'), (select id from public.categories where slug = 'pizza'), 'pizzahut-173', '리코타 샐러드 피자 S - 오리지널 도우 싱글', 'https://www.pizzahut.co.kr/popup/popup_allergy.do', '2026-06-29', 'active', true),
  ((select id from public.brands where slug = 'pizzahut'), (select id from public.categories where slug = 'pizza'), 'pizzahut-174', '비프 체다 피자 M', 'https://www.pizzahut.co.kr/popup/popup_allergy.do', '2026-06-29', 'active', true),
  ((select id from public.brands where slug = 'pizzahut'), (select id from public.categories where slug = 'pizza'), 'pizzahut-175', '비프 체다 피자 M - 오리지널 엣지 미디엄', 'https://www.pizzahut.co.kr/popup/popup_allergy.do', '2026-06-29', 'active', true),
  ((select id from public.brands where slug = 'pizzahut'), (select id from public.categories where slug = 'pizza'), 'pizzahut-176', '비프 체다 피자 S', 'https://www.pizzahut.co.kr/popup/popup_allergy.do', '2026-06-29', 'active', true),
  ((select id from public.brands where slug = 'pizzahut'), (select id from public.categories where slug = 'pizza'), 'pizzahut-177', '비프 체다 피자 S - 오리지널 도우 싱글', 'https://www.pizzahut.co.kr/popup/popup_allergy.do', '2026-06-29', 'active', true),
  ((select id from public.brands where slug = 'pizzahut'), (select id from public.categories where slug = 'pizza'), 'pizzahut-178', '콤비네이션 피자 M', 'https://www.pizzahut.co.kr/popup/popup_allergy.do', '2026-06-29', 'active', true),
  ((select id from public.brands where slug = 'pizzahut'), (select id from public.categories where slug = 'pizza'), 'pizzahut-179', '콤비네이션 피자 M - 오리지널 엣지 미디엄', 'https://www.pizzahut.co.kr/popup/popup_allergy.do', '2026-06-29', 'active', true),
  ((select id from public.brands where slug = 'pizzahut'), (select id from public.categories where slug = 'pizza'), 'pizzahut-180', '콤비네이션 피자 S', 'https://www.pizzahut.co.kr/popup/popup_allergy.do', '2026-06-29', 'active', true),
  ((select id from public.brands where slug = 'pizzahut'), (select id from public.categories where slug = 'pizza'), 'pizzahut-181', '콤비네이션 피자 S - 오리지널 도우 싱글', 'https://www.pizzahut.co.kr/popup/popup_allergy.do', '2026-06-29', 'active', true),
  ((select id from public.brands where slug = 'pizzahut'), (select id from public.categories where slug = 'pizza'), 'pizzahut-182', '고구마 치즈 피자 M', 'https://www.pizzahut.co.kr/popup/popup_allergy.do', '2026-06-29', 'active', true),
  ((select id from public.brands where slug = 'pizzahut'), (select id from public.categories where slug = 'pizza'), 'pizzahut-183', '고구마 치즈 피자 M - 오리지널 엣지 미디엄', 'https://www.pizzahut.co.kr/popup/popup_allergy.do', '2026-06-29', 'active', true),
  ((select id from public.brands where slug = 'pizzahut'), (select id from public.categories where slug = 'pizza'), 'pizzahut-184', '고구마 치즈 피자 S', 'https://www.pizzahut.co.kr/popup/popup_allergy.do', '2026-06-29', 'active', true),
  ((select id from public.brands where slug = 'pizzahut'), (select id from public.categories where slug = 'pizza'), 'pizzahut-185', '고구마 치즈 피자 S - 오리지널 도우 싱글', 'https://www.pizzahut.co.kr/popup/popup_allergy.do', '2026-06-29', 'active', true),
  ((select id from public.brands where slug = 'pizzahut'), (select id from public.categories where slug = 'pizza'), 'pizzahut-186', '고르곤졸라 피자 M', 'https://www.pizzahut.co.kr/popup/popup_allergy.do', '2026-06-29', 'active', true),
  ((select id from public.brands where slug = 'pizzahut'), (select id from public.categories where slug = 'pizza'), 'pizzahut-187', '고르곤졸라 피자 M - 오리지널 포테이토 엣지 미디엄', 'https://www.pizzahut.co.kr/popup/popup_allergy.do', '2026-06-29', 'active', true),
  ((select id from public.brands where slug = 'pizzahut'), (select id from public.categories where slug = 'pizza'), 'pizzahut-188', '고르곤졸라 피자 M - 오리지널 엣지 미디엄', 'https://www.pizzahut.co.kr/popup/popup_allergy.do', '2026-06-29', 'active', true),
  ((select id from public.brands where slug = 'pizzahut'), (select id from public.categories where slug = 'pizza'), 'pizzahut-189', '고르곤졸라 피자 S', 'https://www.pizzahut.co.kr/popup/popup_allergy.do', '2026-06-29', 'active', true),
  ((select id from public.brands where slug = 'pizzahut'), (select id from public.categories where slug = 'pizza'), 'pizzahut-190', '고르곤졸라 피자 S - 오리지널 도우 싱글', 'https://www.pizzahut.co.kr/popup/popup_allergy.do', '2026-06-29', 'active', true),
  ((select id from public.brands where slug = 'pizzahut'), (select id from public.categories where slug = 'pizza'), 'pizzahut-191', '페페로니 피자 M', 'https://www.pizzahut.co.kr/popup/popup_allergy.do', '2026-06-29', 'active', true),
  ((select id from public.brands where slug = 'pizzahut'), (select id from public.categories where slug = 'pizza'), 'pizzahut-192', '페페로니 피자 M - 오리지널 포테이토 엣지 미디엄', 'https://www.pizzahut.co.kr/popup/popup_allergy.do', '2026-06-29', 'active', true),
  ((select id from public.brands where slug = 'pizzahut'), (select id from public.categories where slug = 'pizza'), 'pizzahut-193', '페페로니 피자 M - 오리지널 엣지 미디엄', 'https://www.pizzahut.co.kr/popup/popup_allergy.do', '2026-06-29', 'active', true),
  ((select id from public.brands where slug = 'pizzahut'), (select id from public.categories where slug = 'pizza'), 'pizzahut-194', '페페로니 피자 S', 'https://www.pizzahut.co.kr/popup/popup_allergy.do', '2026-06-29', 'active', true),
  ((select id from public.brands where slug = 'pizzahut'), (select id from public.categories where slug = 'pizza'), 'pizzahut-195', '페페로니 피자 S - 오리지널 도우 싱글', 'https://www.pizzahut.co.kr/popup/popup_allergy.do', '2026-06-29', 'active', true),
  ((select id from public.brands where slug = 'pizzahut'), (select id from public.categories where slug = 'pizza'), 'pizzahut-196', 'TDAY 갈릭버터쉬림프(L) - 치즈크러스트 골드 라지', 'https://www.pizzahut.co.kr/popup/popup_allergy.do', '2026-06-29', 'active', true),
  ((select id from public.brands where slug = 'pizzahut'), (select id from public.categories where slug = 'pizza'), 'pizzahut-197', 'TDAY 갈릭버터쉬림프(L) - 오리지널 엣지 라지', 'https://www.pizzahut.co.kr/popup/popup_allergy.do', '2026-06-29', 'active', true),
  ((select id from public.brands where slug = 'pizzahut'), (select id from public.categories where slug = 'pizza'), 'pizzahut-198', 'TDAY 갈릭버터쉬림프(L) - 치즈크러스트 라지', 'https://www.pizzahut.co.kr/popup/popup_allergy.do', '2026-06-29', 'active', true),
  ((select id from public.brands where slug = 'pizzahut'), (select id from public.categories where slug = 'pizza'), 'pizzahut-199', 'TDAY 갈릭버터쉬림프(L) - 리치골드 라지', 'https://www.pizzahut.co.kr/popup/popup_allergy.do', '2026-06-29', 'active', true),
  ((select id from public.brands where slug = 'pizzahut'), (select id from public.categories where slug = 'pizza'), 'pizzahut-200', 'TDAY 갈릭버터쉬림프(L) - 씬 도우 라지', 'https://www.pizzahut.co.kr/popup/popup_allergy.do', '2026-06-29', 'active', true),
  ((select id from public.brands where slug = 'pizzahut'), (select id from public.categories where slug = 'pizza'), 'pizzahut-201', 'TDAY 직화불고기(L) - 치즈크러스트 골드 라지', 'https://www.pizzahut.co.kr/popup/popup_allergy.do', '2026-06-29', 'active', true),
  ((select id from public.brands where slug = 'pizzahut'), (select id from public.categories where slug = 'pizza'), 'pizzahut-202', 'TDAY 직화불고기(L) - 오리지널 엣지 라지', 'https://www.pizzahut.co.kr/popup/popup_allergy.do', '2026-06-29', 'active', true),
  ((select id from public.brands where slug = 'pizzahut'), (select id from public.categories where slug = 'pizza'), 'pizzahut-203', 'TDAY 직화불고기(L) - 치즈크러스트 라지', 'https://www.pizzahut.co.kr/popup/popup_allergy.do', '2026-06-29', 'active', true),
  ((select id from public.brands where slug = 'pizzahut'), (select id from public.categories where slug = 'pizza'), 'pizzahut-204', 'TDAY 직화불고기(L) - 리치골드 라지', 'https://www.pizzahut.co.kr/popup/popup_allergy.do', '2026-06-29', 'active', true),
  ((select id from public.brands where slug = 'pizzahut'), (select id from public.categories where slug = 'pizza'), 'pizzahut-205', 'TDAY 직화불고기(M) - 치즈크러스트 골드 미디엄', 'https://www.pizzahut.co.kr/popup/popup_allergy.do', '2026-06-29', 'active', true),
  ((select id from public.brands where slug = 'pizzahut'), (select id from public.categories where slug = 'pizza'), 'pizzahut-206', 'TDAY 직화불고기(M) - 오리지널 엣지 미디엄', 'https://www.pizzahut.co.kr/popup/popup_allergy.do', '2026-06-29', 'active', true),
  ((select id from public.brands where slug = 'pizzahut'), (select id from public.categories where slug = 'pizza'), 'pizzahut-207', 'TDAY 직화불고기(M) - 치즈크러스트 미디엄', 'https://www.pizzahut.co.kr/popup/popup_allergy.do', '2026-06-29', 'active', true),
  ((select id from public.brands where slug = 'pizzahut'), (select id from public.categories where slug = 'pizza'), 'pizzahut-208', 'TDAY 직화불고기(M) - 리치골드 미디엄', 'https://www.pizzahut.co.kr/popup/popup_allergy.do', '2026-06-29', 'active', true),
  ((select id from public.brands where slug = 'pizzahut'), (select id from public.categories where slug = 'pizza'), 'pizzahut-209', 'TDAY 베이컨포테이토(L) - 치즈크러스트 골드 라지', 'https://www.pizzahut.co.kr/popup/popup_allergy.do', '2026-06-29', 'active', true),
  ((select id from public.brands where slug = 'pizzahut'), (select id from public.categories where slug = 'pizza'), 'pizzahut-210', 'TDAY 베이컨포테이토(L) - 오리지널 엣지 라지', 'https://www.pizzahut.co.kr/popup/popup_allergy.do', '2026-06-29', 'active', true),
  ((select id from public.brands where slug = 'pizzahut'), (select id from public.categories where slug = 'pizza'), 'pizzahut-211', 'TDAY 베이컨포테이토(L) - 치즈크러스트 라지', 'https://www.pizzahut.co.kr/popup/popup_allergy.do', '2026-06-29', 'active', true),
  ((select id from public.brands where slug = 'pizzahut'), (select id from public.categories where slug = 'pizza'), 'pizzahut-212', 'TDAY 베이컨포테이토(L) - 리치골드 라지', 'https://www.pizzahut.co.kr/popup/popup_allergy.do', '2026-06-29', 'active', true),
  ((select id from public.brands where slug = 'pizzahut'), (select id from public.categories where slug = 'pizza'), 'pizzahut-213', 'TDAY 베이컨포테이토(L) - 씬 도우 라지', 'https://www.pizzahut.co.kr/popup/popup_allergy.do', '2026-06-29', 'active', true),
  ((select id from public.brands where slug = 'pizzahut'), (select id from public.categories where slug = 'pizza'), 'pizzahut-214', 'TDAY 베이컨포테이토(M) - 치즈크러스트 골드 미디엄', 'https://www.pizzahut.co.kr/popup/popup_allergy.do', '2026-06-29', 'active', true),
  ((select id from public.brands where slug = 'pizzahut'), (select id from public.categories where slug = 'pizza'), 'pizzahut-215', 'TDAY 베이컨포테이토(M) - 오리지널 엣지 미디엄', 'https://www.pizzahut.co.kr/popup/popup_allergy.do', '2026-06-29', 'active', true),
  ((select id from public.brands where slug = 'pizzahut'), (select id from public.categories where slug = 'pizza'), 'pizzahut-216', 'TDAY 베이컨포테이토(M) - 치즈크러스트 미디엄', 'https://www.pizzahut.co.kr/popup/popup_allergy.do', '2026-06-29', 'active', true),
  ((select id from public.brands where slug = 'pizzahut'), (select id from public.categories where slug = 'pizza'), 'pizzahut-217', 'TDAY 베이컨포테이토(M) - 리치골드 미디엄', 'https://www.pizzahut.co.kr/popup/popup_allergy.do', '2026-06-29', 'active', true),
  ((select id from public.brands where slug = 'pizzahut'), (select id from public.categories where slug = 'pizza'), 'pizzahut-218', 'TDAY 씨푸드킹(L) - 치즈크러스트 골드 라지', 'https://www.pizzahut.co.kr/popup/popup_allergy.do', '2026-06-29', 'active', true),
  ((select id from public.brands where slug = 'pizzahut'), (select id from public.categories where slug = 'pizza'), 'pizzahut-219', 'TDAY 씨푸드킹(L) - 오리지널 엣지 라지', 'https://www.pizzahut.co.kr/popup/popup_allergy.do', '2026-06-29', 'active', true),
  ((select id from public.brands where slug = 'pizzahut'), (select id from public.categories where slug = 'pizza'), 'pizzahut-220', 'TDAY 씨푸드킹(L) - 치즈크러스트 라지', 'https://www.pizzahut.co.kr/popup/popup_allergy.do', '2026-06-29', 'active', true),
  ((select id from public.brands where slug = 'pizzahut'), (select id from public.categories where slug = 'pizza'), 'pizzahut-221', 'TDAY 씨푸드킹(L) - 리치골드 라지', 'https://www.pizzahut.co.kr/popup/popup_allergy.do', '2026-06-29', 'active', true),
  ((select id from public.brands where slug = 'pizzahut'), (select id from public.categories where slug = 'pizza'), 'pizzahut-222', 'TDAY 씨푸드킹(L) - 씬 도우 라지', 'https://www.pizzahut.co.kr/popup/popup_allergy.do', '2026-06-29', 'active', true),
  ((select id from public.brands where slug = 'pizzahut'), (select id from public.categories where slug = 'pizza'), 'pizzahut-223', 'TDAY 씨푸드킹(M) - 치즈크러스트 골드 미디엄', 'https://www.pizzahut.co.kr/popup/popup_allergy.do', '2026-06-29', 'active', true),
  ((select id from public.brands where slug = 'pizzahut'), (select id from public.categories where slug = 'pizza'), 'pizzahut-224', 'TDAY 씨푸드킹(M) - 오리지널 엣지 미디엄', 'https://www.pizzahut.co.kr/popup/popup_allergy.do', '2026-06-29', 'active', true),
  ((select id from public.brands where slug = 'pizzahut'), (select id from public.categories where slug = 'pizza'), 'pizzahut-225', 'TDAY 씨푸드킹(M) - 치즈크러스트 미디엄', 'https://www.pizzahut.co.kr/popup/popup_allergy.do', '2026-06-29', 'active', true),
  ((select id from public.brands where slug = 'pizzahut'), (select id from public.categories where slug = 'pizza'), 'pizzahut-226', 'TDAY 씨푸드킹(M) - 리치골드 미디엄', 'https://www.pizzahut.co.kr/popup/popup_allergy.do', '2026-06-29', 'active', true),
  ((select id from public.brands where slug = 'pizzahut'), (select id from public.categories where slug = 'pizza'), 'pizzahut-227', 'TDAY 수퍼슈프림(L) - 치즈크러스트 골드 라지', 'https://www.pizzahut.co.kr/popup/popup_allergy.do', '2026-06-29', 'active', true),
  ((select id from public.brands where slug = 'pizzahut'), (select id from public.categories where slug = 'pizza'), 'pizzahut-228', 'TDAY 수퍼슈프림(L) - 리치골드 라지', 'https://www.pizzahut.co.kr/popup/popup_allergy.do', '2026-06-29', 'active', true),
  ((select id from public.brands where slug = 'pizzahut'), (select id from public.categories where slug = 'pizza'), 'pizzahut-229', 'TDAY 수퍼슈프림(L) - 오리지널 엣지 라지', 'https://www.pizzahut.co.kr/popup/popup_allergy.do', '2026-06-29', 'active', true),
  ((select id from public.brands where slug = 'pizzahut'), (select id from public.categories where slug = 'pizza'), 'pizzahut-230', 'TDAY 수퍼슈프림(L) - 치즈크러스트 라지', 'https://www.pizzahut.co.kr/popup/popup_allergy.do', '2026-06-29', 'active', true),
  ((select id from public.brands where slug = 'pizzahut'), (select id from public.categories where slug = 'pizza'), 'pizzahut-231', 'TDAY 수퍼슈프림(L) - 씬 도우 라지', 'https://www.pizzahut.co.kr/popup/popup_allergy.do', '2026-06-29', 'active', true),
  ((select id from public.brands where slug = 'pizzahut'), (select id from public.categories where slug = 'pizza'), 'pizzahut-232', 'TDAY 수퍼슈프림(M) - 치즈크러스트 골드 미디엄', 'https://www.pizzahut.co.kr/popup/popup_allergy.do', '2026-06-29', 'active', true),
  ((select id from public.brands where slug = 'pizzahut'), (select id from public.categories where slug = 'pizza'), 'pizzahut-233', 'TDAY 수퍼슈프림(M) - 오리지널 엣지 미디엄', 'https://www.pizzahut.co.kr/popup/popup_allergy.do', '2026-06-29', 'active', true),
  ((select id from public.brands where slug = 'pizzahut'), (select id from public.categories where slug = 'pizza'), 'pizzahut-234', 'TDAY 수퍼슈프림(M) - 치즈크러스트 미디엄', 'https://www.pizzahut.co.kr/popup/popup_allergy.do', '2026-06-29', 'active', true),
  ((select id from public.brands where slug = 'pizzahut'), (select id from public.categories where slug = 'pizza'), 'pizzahut-235', 'TDAY 수퍼슈프림(M) - 리치골드 미디엄', 'https://www.pizzahut.co.kr/popup/popup_allergy.do', '2026-06-29', 'active', true),
  ((select id from public.brands where slug = 'pizzahut'), (select id from public.categories where slug = 'pizza'), 'pizzahut-236', '스모키미트 스페셜(L) - 치즈크러스트 골드 라지', 'https://www.pizzahut.co.kr/popup/popup_allergy.do', '2026-06-29', 'active', true),
  ((select id from public.brands where slug = 'pizzahut'), (select id from public.categories where slug = 'pizza'), 'pizzahut-237', '스모키미트 스페셜(L) - 리치골드 라지', 'https://www.pizzahut.co.kr/popup/popup_allergy.do', '2026-06-29', 'active', true),
  ((select id from public.brands where slug = 'pizzahut'), (select id from public.categories where slug = 'pizza'), 'pizzahut-238', '스모키미트 스페셜(L) - 치즈크러스트 라지', 'https://www.pizzahut.co.kr/popup/popup_allergy.do', '2026-06-29', 'active', true),
  ((select id from public.brands where slug = 'pizzahut'), (select id from public.categories where slug = 'pizza'), 'pizzahut-239', '스모키미트 스페셜(L) - 오리지널 엣지 라지', 'https://www.pizzahut.co.kr/popup/popup_allergy.do', '2026-06-29', 'active', true),
  ((select id from public.brands where slug = 'pizzahut'), (select id from public.categories where slug = 'pizza'), 'pizzahut-240', '포테이토 스페셜(L) - 치즈크러스트 골드 라지', 'https://www.pizzahut.co.kr/popup/popup_allergy.do', '2026-06-29', 'active', true),
  ((select id from public.brands where slug = 'pizzahut'), (select id from public.categories where slug = 'pizza'), 'pizzahut-241', '포테이토 스페셜(L) - 리치골드 라지', 'https://www.pizzahut.co.kr/popup/popup_allergy.do', '2026-06-29', 'active', true),
  ((select id from public.brands where slug = 'pizzahut'), (select id from public.categories where slug = 'pizza'), 'pizzahut-242', '포테이토 스페셜(L) - 치즈크러스트 라지', 'https://www.pizzahut.co.kr/popup/popup_allergy.do', '2026-06-29', 'active', true),
  ((select id from public.brands where slug = 'pizzahut'), (select id from public.categories where slug = 'pizza'), 'pizzahut-243', '포테이토 스페셜(L) - 오리지널 엣지 라지', 'https://www.pizzahut.co.kr/popup/popup_allergy.do', '2026-06-29', 'active', true),
  ((select id from public.brands where slug = 'pizzahut'), (select id from public.categories where slug = 'pizza'), 'pizzahut-244', '더블 쉬림프 크런치(L) - 핫도그 엣지 라지', 'https://www.pizzahut.co.kr/popup/popup_allergy.do', '2026-06-29', 'active', true),
  ((select id from public.brands where slug = 'pizzahut'), (select id from public.categories where slug = 'pizza'), 'pizzahut-245', '더블 쉬림프 크런치(L) - 씬도우 포테이토 엣지 라지', 'https://www.pizzahut.co.kr/popup/popup_allergy.do', '2026-06-29', 'active', true),
  ((select id from public.brands where slug = 'pizzahut'), (select id from public.categories where slug = 'pizza'), 'pizzahut-246', '더블 쉬림프 크런치(L) - 오리지널 포테이토 엣지 라지', 'https://www.pizzahut.co.kr/popup/popup_allergy.do', '2026-06-29', 'active', true),
  ((select id from public.brands where slug = 'pizzahut'), (select id from public.categories where slug = 'pizza'), 'pizzahut-247', '더블 쉬림프 크런치(L) - 치즈크러스트 골드 라지', 'https://www.pizzahut.co.kr/popup/popup_allergy.do', '2026-06-29', 'active', true),
  ((select id from public.brands where slug = 'pizzahut'), (select id from public.categories where slug = 'pizza'), 'pizzahut-248', '더블 쉬림프 크런치(L) - 리치골드 라지', 'https://www.pizzahut.co.kr/popup/popup_allergy.do', '2026-06-29', 'active', true),
  ((select id from public.brands where slug = 'pizzahut'), (select id from public.categories where slug = 'pizza'), 'pizzahut-249', '더블 쉬림프 크런치(L) - 치즈크러스트 라지', 'https://www.pizzahut.co.kr/popup/popup_allergy.do', '2026-06-29', 'active', true),
  ((select id from public.brands where slug = 'pizzahut'), (select id from public.categories where slug = 'pizza'), 'pizzahut-250', '더블 쉬림프 크런치(L) - 오리지널 엣지 라지', 'https://www.pizzahut.co.kr/popup/popup_allergy.do', '2026-06-29', 'active', true),
  ((select id from public.brands where slug = 'pizzahut'), (select id from public.categories where slug = 'pizza'), 'pizzahut-251', '더블 쉬림프 크런치(L) - 씬 도우 라지', 'https://www.pizzahut.co.kr/popup/popup_allergy.do', '2026-06-29', 'active', true),
  ((select id from public.brands where slug = 'pizzahut'), (select id from public.categories where slug = 'pizza'), 'pizzahut-252', '더블 쉬림프 크런치(M) - 핫도그 엣지 미디엄', 'https://www.pizzahut.co.kr/popup/popup_allergy.do', '2026-06-29', 'active', true),
  ((select id from public.brands where slug = 'pizzahut'), (select id from public.categories where slug = 'pizza'), 'pizzahut-253', '더블 쉬림프 크런치(M) - 오리지널 포테이토 엣지 미디엄', 'https://www.pizzahut.co.kr/popup/popup_allergy.do', '2026-06-29', 'active', true),
  ((select id from public.brands where slug = 'pizzahut'), (select id from public.categories where slug = 'pizza'), 'pizzahut-254', '더블 쉬림프 크런치(M) - 치즈크러스트 골드 미디엄', 'https://www.pizzahut.co.kr/popup/popup_allergy.do', '2026-06-29', 'active', true),
  ((select id from public.brands where slug = 'pizzahut'), (select id from public.categories where slug = 'pizza'), 'pizzahut-255', '더블 쉬림프 크런치(M) - 리치골드 미디엄', 'https://www.pizzahut.co.kr/popup/popup_allergy.do', '2026-06-29', 'active', true),
  ((select id from public.brands where slug = 'pizzahut'), (select id from public.categories where slug = 'pizza'), 'pizzahut-256', '더블 쉬림프 크런치(M) - 치즈크러스트 미디엄', 'https://www.pizzahut.co.kr/popup/popup_allergy.do', '2026-06-29', 'active', true),
  ((select id from public.brands where slug = 'pizzahut'), (select id from public.categories where slug = 'pizza'), 'pizzahut-257', '더블 쉬림프 크런치(M) - 오리지널 엣지 미디엄', 'https://www.pizzahut.co.kr/popup/popup_allergy.do', '2026-06-29', 'active', true),
  ((select id from public.brands where slug = 'pizzahut'), (select id from public.categories where slug = 'pizza'), 'pizzahut-258', '케이준 쉬림프 피자 M', 'https://www.pizzahut.co.kr/popup/popup_allergy.do', '2026-06-29', 'active', true),
  ((select id from public.brands where slug = 'pizzahut'), (select id from public.categories where slug = 'pizza'), 'pizzahut-259', '케이준 쉬림프 피자 M - 오리지널 엣지 미디엄', 'https://www.pizzahut.co.kr/popup/popup_allergy.do', '2026-06-29', 'active', true),
  ((select id from public.brands where slug = 'pizzahut'), (select id from public.categories where slug = 'pizza'), 'pizzahut-260', '케이준 쉬림프 피자 S', 'https://www.pizzahut.co.kr/popup/popup_allergy.do', '2026-06-29', 'active', true),
  ((select id from public.brands where slug = 'pizzahut'), (select id from public.categories where slug = 'pizza'), 'pizzahut-261', '케이준 쉬림프 피자 S - 오리지널 도우 싱글', 'https://www.pizzahut.co.kr/popup/popup_allergy.do', '2026-06-29', 'active', true),
  ((select id from public.brands where slug = 'pizzahut'), (select id from public.categories where slug = 'pizza'), 'pizzahut-262', '갈릭 쉬림프 베이컨 피자 M', 'https://www.pizzahut.co.kr/popup/popup_allergy.do', '2026-06-29', 'active', true),
  ((select id from public.brands where slug = 'pizzahut'), (select id from public.categories where slug = 'pizza'), 'pizzahut-263', '갈릭 쉬림프 베이컨 피자 M - 오리지널 엣지 미디엄', 'https://www.pizzahut.co.kr/popup/popup_allergy.do', '2026-06-29', 'active', true),
  ((select id from public.brands where slug = 'pizzahut'), (select id from public.categories where slug = 'pizza'), 'pizzahut-264', '갈릭 쉬림프 베이컨 피자 S', 'https://www.pizzahut.co.kr/popup/popup_allergy.do', '2026-06-29', 'active', true),
  ((select id from public.brands where slug = 'pizzahut'), (select id from public.categories where slug = 'pizza'), 'pizzahut-265', '갈릭 쉬림프 베이컨 피자 S - 오리지널 도우 싱글', 'https://www.pizzahut.co.kr/popup/popup_allergy.do', '2026-06-29', 'active', true),
  ((select id from public.brands where slug = 'pizzahut'), (select id from public.categories where slug = 'pizza'), 'pizzahut-266', '뉴욕 핫도그(L) - 씬도우 핫도그 엣지 라지', 'https://www.pizzahut.co.kr/popup/popup_allergy.do', '2026-06-29', 'active', true),
  ((select id from public.brands where slug = 'pizzahut'), (select id from public.categories where slug = 'pizza'), 'pizzahut-267', '뉴욕 핫도그(L) - 핫도그 엣지 라지', 'https://www.pizzahut.co.kr/popup/popup_allergy.do', '2026-06-29', 'active', true),
  ((select id from public.brands where slug = 'pizzahut'), (select id from public.categories where slug = 'pizza'), 'pizzahut-268', '뉴욕 핫도그(L) - 씬 도우 라지', 'https://www.pizzahut.co.kr/popup/popup_allergy.do', '2026-06-29', 'active', true),
  ((select id from public.brands where slug = 'pizzahut'), (select id from public.categories where slug = 'pizza'), 'pizzahut-269', '뉴욕 핫도그(M) - 핫도그 엣지 미디엄', 'https://www.pizzahut.co.kr/popup/popup_allergy.do', '2026-06-29', 'active', true),
  ((select id from public.brands where slug = 'pizzahut'), (select id from public.categories where slug = 'pizza'), 'pizzahut-270', '뉴욕 핫도그 (L) - 씬도우 핫도그 엣지 라지', 'https://www.pizzahut.co.kr/popup/popup_allergy.do', '2026-06-29', 'active', true),
  ((select id from public.brands where slug = 'pizzahut'), (select id from public.categories where slug = 'pizza'), 'pizzahut-271', '뉴욕 핫도그 (L) - 핫도그 엣지 라지', 'https://www.pizzahut.co.kr/popup/popup_allergy.do', '2026-06-29', 'active', true),
  ((select id from public.brands where slug = 'pizzahut'), (select id from public.categories where slug = 'pizza'), 'pizzahut-272', '뉴욕 핫도그 (L) - 씬 도우 라지', 'https://www.pizzahut.co.kr/popup/popup_allergy.do', '2026-06-29', 'active', true),
  ((select id from public.brands where slug = 'pizzahut'), (select id from public.categories where slug = 'pizza'), 'pizzahut-273', '뉴욕 핫도그 (M) - 핫도그 엣지 미디엄', 'https://www.pizzahut.co.kr/popup/popup_allergy.do', '2026-06-29', 'active', true),
  ((select id from public.brands where slug = 'pizzahut'), (select id from public.categories where slug = 'pizza'), 'pizzahut-274', '트리플 치즈 - 오리지널 엣지', 'https://www.pizzahut.co.kr/popup/popup_allergy.do', '2026-06-29', 'active', true),
  ((select id from public.brands where slug = 'pizzahut'), (select id from public.categories where slug = 'pizza'), 'pizzahut-275', '트리플 치즈 - 오리지널 도우', 'https://www.pizzahut.co.kr/popup/popup_allergy.do', '2026-06-29', 'active', true),
  ((select id from public.brands where slug = 'pizzahut'), (select id from public.categories where slug = 'pizza'), 'pizzahut-276', '치즈 페페로니 - 오리지널 엣지', 'https://www.pizzahut.co.kr/popup/popup_allergy.do', '2026-06-29', 'active', true),
  ((select id from public.brands where slug = 'pizzahut'), (select id from public.categories where slug = 'pizza'), 'pizzahut-277', '치즈 페페로니 - 오리지널 도우', 'https://www.pizzahut.co.kr/popup/popup_allergy.do', '2026-06-29', 'active', true),
  ((select id from public.brands where slug = 'pizzahut'), (select id from public.categories where slug = 'pizza'), 'pizzahut-278', '더블 포테이토 - 오리지널 엣지', 'https://www.pizzahut.co.kr/popup/popup_allergy.do', '2026-06-29', 'active', true),
  ((select id from public.brands where slug = 'pizzahut'), (select id from public.categories where slug = 'pizza'), 'pizzahut-279', '더블 포테이토 - 오리지널 도우', 'https://www.pizzahut.co.kr/popup/popup_allergy.do', '2026-06-29', 'active', true),
  ((select id from public.brands where slug = 'pizzahut'), (select id from public.categories where slug = 'pizza'), 'pizzahut-280', '얼티밋 콤비네이션 - 오리지널 엣지', 'https://www.pizzahut.co.kr/popup/popup_allergy.do', '2026-06-29', 'active', true),
  ((select id from public.brands where slug = 'pizzahut'), (select id from public.categories where slug = 'pizza'), 'pizzahut-281', '얼티밋 콤비네이션 - 오리지널 도우', 'https://www.pizzahut.co.kr/popup/popup_allergy.do', '2026-06-29', 'active', true),
  ((select id from public.brands where slug = 'pizzahut'), (select id from public.categories where slug = 'pizza'), 'pizzahut-282', '트러플 불고기 - 오리지널 엣지', 'https://www.pizzahut.co.kr/popup/popup_allergy.do', '2026-06-29', 'active', true),
  ((select id from public.brands where slug = 'pizzahut'), (select id from public.categories where slug = 'pizza'), 'pizzahut-283', '트러플 불고기 - 오리지널 도우', 'https://www.pizzahut.co.kr/popup/popup_allergy.do', '2026-06-29', 'active', true),
  ((select id from public.brands where slug = 'pizzahut'), (select id from public.categories where slug = 'pizza'), 'pizzahut-284', '화이트 트러플 머쉬룸(L) - 핫도그 엣지 라지', 'https://www.pizzahut.co.kr/popup/popup_allergy.do', '2026-06-29', 'active', true),
  ((select id from public.brands where slug = 'pizzahut'), (select id from public.categories where slug = 'pizza'), 'pizzahut-285', '화이트 트러플 머쉬룸(L) - 치즈크러스트 골드 라지', 'https://www.pizzahut.co.kr/popup/popup_allergy.do', '2026-06-29', 'active', true),
  ((select id from public.brands where slug = 'pizzahut'), (select id from public.categories where slug = 'pizza'), 'pizzahut-286', '화이트 트러플 머쉬룸(L) - 치즈크러스트 라지', 'https://www.pizzahut.co.kr/popup/popup_allergy.do', '2026-06-29', 'active', true),
  ((select id from public.brands where slug = 'pizzahut'), (select id from public.categories where slug = 'pizza'), 'pizzahut-287', '화이트 트러플 머쉬룸(L) - 리치골드 라지', 'https://www.pizzahut.co.kr/popup/popup_allergy.do', '2026-06-29', 'active', true),
  ((select id from public.brands where slug = 'pizzahut'), (select id from public.categories where slug = 'pizza'), 'pizzahut-288', '화이트 트러플 머쉬룸(L) - 오리지널 엣지 라지', 'https://www.pizzahut.co.kr/popup/popup_allergy.do', '2026-06-29', 'active', true),
  ((select id from public.brands where slug = 'pizzahut'), (select id from public.categories where slug = 'pizza'), 'pizzahut-289', '화이트 트러플 머쉬룸(L) - 팬 도우 라지', 'https://www.pizzahut.co.kr/popup/popup_allergy.do', '2026-06-29', 'active', true),
  ((select id from public.brands where slug = 'pizzahut'), (select id from public.categories where slug = 'pizza'), 'pizzahut-290', '화이트 트러플 머쉬룸(L) - 씬 도우 라지', 'https://www.pizzahut.co.kr/popup/popup_allergy.do', '2026-06-29', 'active', true),
  ((select id from public.brands where slug = 'pizzahut'), (select id from public.categories where slug = 'pizza'), 'pizzahut-291', '화이트 트러플 스테이크 뇨끼(L) - 핫도그 엣지 라지', 'https://www.pizzahut.co.kr/popup/popup_allergy.do', '2026-06-29', 'active', true),
  ((select id from public.brands where slug = 'pizzahut'), (select id from public.categories where slug = 'pizza'), 'pizzahut-292', '화이트 트러플 스테이크 뇨끼(L) - 씬도우 체다골드 엣지 라지', 'https://www.pizzahut.co.kr/popup/popup_allergy.do', '2026-06-29', 'active', true),
  ((select id from public.brands where slug = 'pizzahut'), (select id from public.categories where slug = 'pizza'), 'pizzahut-293', '화이트 트러플 스테이크 뇨끼(L) - 체다골드 엣지 라지', 'https://www.pizzahut.co.kr/popup/popup_allergy.do', '2026-06-29', 'active', true),
  ((select id from public.brands where slug = 'pizzahut'), (select id from public.categories where slug = 'pizza'), 'pizzahut-294', '화이트 트러플 스테이크 뇨끼(L) - 치즈크러스트 골드 라지', 'https://www.pizzahut.co.kr/popup/popup_allergy.do', '2026-06-29', 'active', true),
  ((select id from public.brands where slug = 'pizzahut'), (select id from public.categories where slug = 'pizza'), 'pizzahut-295', '화이트 트러플 스테이크 뇨끼(L) - 오리지널 엣지 라지', 'https://www.pizzahut.co.kr/popup/popup_allergy.do', '2026-06-29', 'active', true),
  ((select id from public.brands where slug = 'pizzahut'), (select id from public.categories where slug = 'pizza'), 'pizzahut-296', '화이트 트러플 스테이크 뇨끼(L) - 치즈크러스트 라지', 'https://www.pizzahut.co.kr/popup/popup_allergy.do', '2026-06-29', 'active', true),
  ((select id from public.brands where slug = 'pizzahut'), (select id from public.categories where slug = 'pizza'), 'pizzahut-297', '화이트 트러플 스테이크 뇨끼(L) - 리치골드 라지', 'https://www.pizzahut.co.kr/popup/popup_allergy.do', '2026-06-29', 'active', true),
  ((select id from public.brands where slug = 'pizzahut'), (select id from public.categories where slug = 'pizza'), 'pizzahut-298', '화이트 트러플 스테이크 뇨끼(L) - 씬 도우 라지', 'https://www.pizzahut.co.kr/popup/popup_allergy.do', '2026-06-29', 'active', true),
  ((select id from public.brands where slug = 'pizzahut'), (select id from public.categories where slug = 'pizza'), 'pizzahut-299', '화이트 트러플 스테이크 뇨끼(M) - 핫도그 엣지 미디엄', 'https://www.pizzahut.co.kr/popup/popup_allergy.do', '2026-06-29', 'active', true),
  ((select id from public.brands where slug = 'pizzahut'), (select id from public.categories where slug = 'pizza'), 'pizzahut-300', '화이트 트러플 스테이크 뇨끼(M) - 체다골드 엣지 미디엄', 'https://www.pizzahut.co.kr/popup/popup_allergy.do', '2026-06-29', 'active', true),
  ((select id from public.brands where slug = 'pizzahut'), (select id from public.categories where slug = 'pizza'), 'pizzahut-301', '화이트 트러플 스테이크 뇨끼(M) - 치즈크러스트 골드 미디엄', 'https://www.pizzahut.co.kr/popup/popup_allergy.do', '2026-06-29', 'active', true),
  ((select id from public.brands where slug = 'pizzahut'), (select id from public.categories where slug = 'pizza'), 'pizzahut-302', '화이트 트러플 스테이크 뇨끼(M) - 오리지널 엣지 미디엄', 'https://www.pizzahut.co.kr/popup/popup_allergy.do', '2026-06-29', 'active', true),
  ((select id from public.brands where slug = 'pizzahut'), (select id from public.categories where slug = 'pizza'), 'pizzahut-303', '화이트 트러플 스테이크 뇨끼(M) - 치즈크러스트 미디엄', 'https://www.pizzahut.co.kr/popup/popup_allergy.do', '2026-06-29', 'active', true),
  ((select id from public.brands where slug = 'pizzahut'), (select id from public.categories where slug = 'pizza'), 'pizzahut-304', '화이트 트러플 스테이크 뇨끼(M) - 리치골드 미디엄', 'https://www.pizzahut.co.kr/popup/popup_allergy.do', '2026-06-29', 'active', true),
  ((select id from public.brands where slug = 'pizzahut'), (select id from public.categories where slug = 'pizza'), 'pizzahut-305', '블랙 BBQ 스테이크 뇨끼(L) - 핫도그 엣지 라지', 'https://www.pizzahut.co.kr/popup/popup_allergy.do', '2026-06-29', 'active', true),
  ((select id from public.brands where slug = 'pizzahut'), (select id from public.categories where slug = 'pizza'), 'pizzahut-306', '블랙 BBQ 스테이크 뇨끼(L) - 씬도우 체다골드 엣지 라지', 'https://www.pizzahut.co.kr/popup/popup_allergy.do', '2026-06-29', 'active', true),
  ((select id from public.brands where slug = 'pizzahut'), (select id from public.categories where slug = 'pizza'), 'pizzahut-307', '블랙 BBQ 스테이크 뇨끼(L) - 체다골드 엣지 라지', 'https://www.pizzahut.co.kr/popup/popup_allergy.do', '2026-06-29', 'active', true),
  ((select id from public.brands where slug = 'pizzahut'), (select id from public.categories where slug = 'pizza'), 'pizzahut-308', '블랙 BBQ 스테이크 뇨끼(L) - 치즈크러스트 골드 라지', 'https://www.pizzahut.co.kr/popup/popup_allergy.do', '2026-06-29', 'active', true),
  ((select id from public.brands where slug = 'pizzahut'), (select id from public.categories where slug = 'pizza'), 'pizzahut-309', '블랙 BBQ 스테이크 뇨끼(L) - 오리지널 엣지 라지', 'https://www.pizzahut.co.kr/popup/popup_allergy.do', '2026-06-29', 'active', true),
  ((select id from public.brands where slug = 'pizzahut'), (select id from public.categories where slug = 'pizza'), 'pizzahut-310', '블랙 BBQ 스테이크 뇨끼(L) - 치즈크러스트 라지', 'https://www.pizzahut.co.kr/popup/popup_allergy.do', '2026-06-29', 'active', true),
  ((select id from public.brands where slug = 'pizzahut'), (select id from public.categories where slug = 'pizza'), 'pizzahut-311', '블랙 BBQ 스테이크 뇨끼(L) - 리치골드 라지', 'https://www.pizzahut.co.kr/popup/popup_allergy.do', '2026-06-29', 'active', true),
  ((select id from public.brands where slug = 'pizzahut'), (select id from public.categories where slug = 'pizza'), 'pizzahut-312', '블랙 BBQ 스테이크 뇨끼(L) - 씬 도우 라지', 'https://www.pizzahut.co.kr/popup/popup_allergy.do', '2026-06-29', 'active', true),
  ((select id from public.brands where slug = 'pizzahut'), (select id from public.categories where slug = 'pizza'), 'pizzahut-313', '블랙 BBQ 스테이크 뇨끼(M) - 핫도그 엣지 미디엄', 'https://www.pizzahut.co.kr/popup/popup_allergy.do', '2026-06-29', 'active', true),
  ((select id from public.brands where slug = 'pizzahut'), (select id from public.categories where slug = 'pizza'), 'pizzahut-314', '블랙 BBQ 스테이크 뇨끼(M) - 체다골드 엣지 미디엄', 'https://www.pizzahut.co.kr/popup/popup_allergy.do', '2026-06-29', 'active', true),
  ((select id from public.brands where slug = 'pizzahut'), (select id from public.categories where slug = 'pizza'), 'pizzahut-315', '블랙 BBQ 스테이크 뇨끼(M) - 치즈크러스트 골드 미디엄', 'https://www.pizzahut.co.kr/popup/popup_allergy.do', '2026-06-29', 'active', true),
  ((select id from public.brands where slug = 'pizzahut'), (select id from public.categories where slug = 'pizza'), 'pizzahut-316', '블랙 BBQ 스테이크 뇨끼(M) - 오리지널 엣지 미디엄', 'https://www.pizzahut.co.kr/popup/popup_allergy.do', '2026-06-29', 'active', true),
  ((select id from public.brands where slug = 'pizzahut'), (select id from public.categories where slug = 'pizza'), 'pizzahut-317', '블랙 BBQ 스테이크 뇨끼(M) - 치즈크러스트 미디엄', 'https://www.pizzahut.co.kr/popup/popup_allergy.do', '2026-06-29', 'active', true),
  ((select id from public.brands where slug = 'pizzahut'), (select id from public.categories where slug = 'pizza'), 'pizzahut-318', '블랙 BBQ 스테이크 뇨끼(M) - 리치골드 미디엄', 'https://www.pizzahut.co.kr/popup/popup_allergy.do', '2026-06-29', 'active', true),
  ((select id from public.brands where slug = 'pizzahut'), (select id from public.categories where slug = 'pizza'), 'pizzahut-319', '한근 치즈 클래식(L) - 오리지널 엣지 라지', 'https://www.pizzahut.co.kr/popup/popup_allergy.do', '2026-06-29', 'active', true),
  ((select id from public.brands where slug = 'pizzahut'), (select id from public.categories where slug = 'pizza'), 'pizzahut-320', '한근 치즈 페페로니(L) - 오리지널 엣지 라지', 'https://www.pizzahut.co.kr/popup/popup_allergy.do', '2026-06-29', 'active', true),
  ((select id from public.brands where slug = 'pizzahut'), (select id from public.categories where slug = 'pizza'), 'pizzahut-321', '한근 치즈 콤비네이션(L) - 오리지널 엣지 라지', 'https://www.pizzahut.co.kr/popup/popup_allergy.do', '2026-06-29', 'active', true),
  ((select id from public.brands where slug = 'pizzahut'), (select id from public.categories where slug = 'pizza'), 'pizzahut-322', '한근 치즈 멜팅포테이토(L) - 오리지널 엣지 라지', 'https://www.pizzahut.co.kr/popup/popup_allergy.do', '2026-06-29', 'active', true),
  ((select id from public.brands where slug = 'pizzahut'), (select id from public.categories where slug = 'pizza'), 'pizzahut-323', '반근 치즈 클래식(L) - 핫도그 엣지 라지', 'https://www.pizzahut.co.kr/popup/popup_allergy.do', '2026-06-29', 'active', true),
  ((select id from public.brands where slug = 'pizzahut'), (select id from public.categories where slug = 'pizza'), 'pizzahut-324', '반근 치즈 클래식(L) - 치즈크러스트 골드 라지', 'https://www.pizzahut.co.kr/popup/popup_allergy.do', '2026-06-29', 'active', true),
  ((select id from public.brands where slug = 'pizzahut'), (select id from public.categories where slug = 'pizza'), 'pizzahut-325', '반근 치즈 클래식(L) - 치즈크러스트 라지', 'https://www.pizzahut.co.kr/popup/popup_allergy.do', '2026-06-29', 'active', true),
  ((select id from public.brands where slug = 'pizzahut'), (select id from public.categories where slug = 'pizza'), 'pizzahut-326', '반근 치즈 클래식(L) - 리치골드 라지', 'https://www.pizzahut.co.kr/popup/popup_allergy.do', '2026-06-29', 'active', true),
  ((select id from public.brands where slug = 'pizzahut'), (select id from public.categories where slug = 'pizza'), 'pizzahut-327', '반근 치즈 클래식(L) - 오리지널 엣지 라지', 'https://www.pizzahut.co.kr/popup/popup_allergy.do', '2026-06-29', 'active', true),
  ((select id from public.brands where slug = 'pizzahut'), (select id from public.categories where slug = 'pizza'), 'pizzahut-328', '반근 치즈 클래식(M) - 핫도그 엣지 미디엄', 'https://www.pizzahut.co.kr/popup/popup_allergy.do', '2026-06-29', 'active', true),
  ((select id from public.brands where slug = 'pizzahut'), (select id from public.categories where slug = 'pizza'), 'pizzahut-329', '반근 치즈 클래식(M) - 치즈크러스트 골드 미디엄', 'https://www.pizzahut.co.kr/popup/popup_allergy.do', '2026-06-29', 'active', true),
  ((select id from public.brands where slug = 'pizzahut'), (select id from public.categories where slug = 'pizza'), 'pizzahut-330', '반근 치즈 클래식(M) - 치즈크러스트 미디엄', 'https://www.pizzahut.co.kr/popup/popup_allergy.do', '2026-06-29', 'active', true),
  ((select id from public.brands where slug = 'pizzahut'), (select id from public.categories where slug = 'pizza'), 'pizzahut-331', '반근 치즈 클래식(M) - 오리지널 엣지 미디엄', 'https://www.pizzahut.co.kr/popup/popup_allergy.do', '2026-06-29', 'active', true),
  ((select id from public.brands where slug = 'pizzahut'), (select id from public.categories where slug = 'pizza'), 'pizzahut-332', '반근 치즈 페페로니(L) - 핫도그 엣지 라지', 'https://www.pizzahut.co.kr/popup/popup_allergy.do', '2026-06-29', 'active', true),
  ((select id from public.brands where slug = 'pizzahut'), (select id from public.categories where slug = 'pizza'), 'pizzahut-333', '반근 치즈 페페로니(L) - 치즈크러스트 골드 라지', 'https://www.pizzahut.co.kr/popup/popup_allergy.do', '2026-06-29', 'active', true),
  ((select id from public.brands where slug = 'pizzahut'), (select id from public.categories where slug = 'pizza'), 'pizzahut-334', '반근 치즈 페페로니(L) - 치즈크러스트 라지', 'https://www.pizzahut.co.kr/popup/popup_allergy.do', '2026-06-29', 'active', true),
  ((select id from public.brands where slug = 'pizzahut'), (select id from public.categories where slug = 'pizza'), 'pizzahut-335', '반근 치즈 페페로니(L) - 리치골드 라지', 'https://www.pizzahut.co.kr/popup/popup_allergy.do', '2026-06-29', 'active', true),
  ((select id from public.brands where slug = 'pizzahut'), (select id from public.categories where slug = 'pizza'), 'pizzahut-336', '반근 치즈 페페로니(L) - 오리지널 엣지 라지', 'https://www.pizzahut.co.kr/popup/popup_allergy.do', '2026-06-29', 'active', true),
  ((select id from public.brands where slug = 'pizzahut'), (select id from public.categories where slug = 'pizza'), 'pizzahut-337', '반근 치즈 페페로니(M) - 핫도그 엣지 미디엄', 'https://www.pizzahut.co.kr/popup/popup_allergy.do', '2026-06-29', 'active', true),
  ((select id from public.brands where slug = 'pizzahut'), (select id from public.categories where slug = 'pizza'), 'pizzahut-338', '반근 치즈 페페로니(M) - 치즈크러스트 골드 미디엄', 'https://www.pizzahut.co.kr/popup/popup_allergy.do', '2026-06-29', 'active', true),
  ((select id from public.brands where slug = 'pizzahut'), (select id from public.categories where slug = 'pizza'), 'pizzahut-339', '반근 치즈 페페로니(M) - 치즈크러스트 미디엄', 'https://www.pizzahut.co.kr/popup/popup_allergy.do', '2026-06-29', 'active', true),
  ((select id from public.brands where slug = 'pizzahut'), (select id from public.categories where slug = 'pizza'), 'pizzahut-340', '반근 치즈 페페로니(M) - 오리지널 엣지 미디엄', 'https://www.pizzahut.co.kr/popup/popup_allergy.do', '2026-06-29', 'active', true),
  ((select id from public.brands where slug = 'pizzahut'), (select id from public.categories where slug = 'pizza'), 'pizzahut-341', '반근 치즈 콤비네이션(L) - 핫도그 엣지 라지', 'https://www.pizzahut.co.kr/popup/popup_allergy.do', '2026-06-29', 'active', true),
  ((select id from public.brands where slug = 'pizzahut'), (select id from public.categories where slug = 'pizza'), 'pizzahut-342', '반근 치즈 콤비네이션(L) - 치즈크러스트 골드 라지', 'https://www.pizzahut.co.kr/popup/popup_allergy.do', '2026-06-29', 'active', true),
  ((select id from public.brands where slug = 'pizzahut'), (select id from public.categories where slug = 'pizza'), 'pizzahut-343', '반근 치즈 콤비네이션(L) - 치즈크러스트 라지', 'https://www.pizzahut.co.kr/popup/popup_allergy.do', '2026-06-29', 'active', true),
  ((select id from public.brands where slug = 'pizzahut'), (select id from public.categories where slug = 'pizza'), 'pizzahut-344', '반근 치즈 콤비네이션(L) - 리치골드 라지', 'https://www.pizzahut.co.kr/popup/popup_allergy.do', '2026-06-29', 'active', true),
  ((select id from public.brands where slug = 'pizzahut'), (select id from public.categories where slug = 'pizza'), 'pizzahut-345', '반근 치즈 콤비네이션(L) - 오리지널 엣지 라지', 'https://www.pizzahut.co.kr/popup/popup_allergy.do', '2026-06-29', 'active', true),
  ((select id from public.brands where slug = 'pizzahut'), (select id from public.categories where slug = 'pizza'), 'pizzahut-346', '반근 치즈 콤비네이션(M) - 핫도그 엣지 미디엄', 'https://www.pizzahut.co.kr/popup/popup_allergy.do', '2026-06-29', 'active', true),
  ((select id from public.brands where slug = 'pizzahut'), (select id from public.categories where slug = 'pizza'), 'pizzahut-347', '반근 치즈 콤비네이션(M) - 치즈크러스트 골드 미디엄', 'https://www.pizzahut.co.kr/popup/popup_allergy.do', '2026-06-29', 'active', true),
  ((select id from public.brands where slug = 'pizzahut'), (select id from public.categories where slug = 'pizza'), 'pizzahut-348', '반근 치즈 콤비네이션(M) - 치즈크러스트 미디엄', 'https://www.pizzahut.co.kr/popup/popup_allergy.do', '2026-06-29', 'active', true),
  ((select id from public.brands where slug = 'pizzahut'), (select id from public.categories where slug = 'pizza'), 'pizzahut-349', '반근 치즈 콤비네이션(M) - 오리지널 엣지 미디엄', 'https://www.pizzahut.co.kr/popup/popup_allergy.do', '2026-06-29', 'active', true),
  ((select id from public.brands where slug = 'pizzahut'), (select id from public.categories where slug = 'pizza'), 'pizzahut-350', '반근 치즈 멜팅포테이토(L) - 핫도그 엣지 라지', 'https://www.pizzahut.co.kr/popup/popup_allergy.do', '2026-06-29', 'active', true),
  ((select id from public.brands where slug = 'pizzahut'), (select id from public.categories where slug = 'pizza'), 'pizzahut-351', '반근 치즈 멜팅포테이토(L) - 치즈크러스트 골드 라지', 'https://www.pizzahut.co.kr/popup/popup_allergy.do', '2026-06-29', 'active', true),
  ((select id from public.brands where slug = 'pizzahut'), (select id from public.categories where slug = 'pizza'), 'pizzahut-352', '반근 치즈 멜팅포테이토(L) - 치즈크러스트 라지', 'https://www.pizzahut.co.kr/popup/popup_allergy.do', '2026-06-29', 'active', true),
  ((select id from public.brands where slug = 'pizzahut'), (select id from public.categories where slug = 'pizza'), 'pizzahut-353', '반근 치즈 멜팅포테이토(L) - 리치골드 라지', 'https://www.pizzahut.co.kr/popup/popup_allergy.do', '2026-06-29', 'active', true),
  ((select id from public.brands where slug = 'pizzahut'), (select id from public.categories where slug = 'pizza'), 'pizzahut-354', '반근 치즈 멜팅포테이토(L) - 오리지널 엣지 라지', 'https://www.pizzahut.co.kr/popup/popup_allergy.do', '2026-06-29', 'active', true),
  ((select id from public.brands where slug = 'pizzahut'), (select id from public.categories where slug = 'pizza'), 'pizzahut-355', '반근 치즈 멜팅포테이토(M) - 핫도그 엣지 미디엄', 'https://www.pizzahut.co.kr/popup/popup_allergy.do', '2026-06-29', 'active', true),
  ((select id from public.brands where slug = 'pizzahut'), (select id from public.categories where slug = 'pizza'), 'pizzahut-356', '반근 치즈 멜팅포테이토(M) - 치즈크러스트 골드 미디엄', 'https://www.pizzahut.co.kr/popup/popup_allergy.do', '2026-06-29', 'active', true),
  ((select id from public.brands where slug = 'pizzahut'), (select id from public.categories where slug = 'pizza'), 'pizzahut-357', '반근 치즈 멜팅포테이토(M) - 치즈크러스트 미디엄', 'https://www.pizzahut.co.kr/popup/popup_allergy.do', '2026-06-29', 'active', true),
  ((select id from public.brands where slug = 'pizzahut'), (select id from public.categories where slug = 'pizza'), 'pizzahut-358', '반근 치즈 멜팅포테이토(M) - 오리지널 엣지 미디엄', 'https://www.pizzahut.co.kr/popup/popup_allergy.do', '2026-06-29', 'active', true),
  ((select id from public.brands where slug = 'pizzahut'), (select id from public.categories where slug = 'pizza'), 'pizzahut-359', '한근 치즈 클래식(L)', 'https://www.pizzahut.co.kr/popup/popup_allergy.do', '2026-06-29', 'active', true),
  ((select id from public.brands where slug = 'pizzahut'), (select id from public.categories where slug = 'pizza'), 'pizzahut-360', '한근 치즈 페페로니(L)', 'https://www.pizzahut.co.kr/popup/popup_allergy.do', '2026-06-29', 'active', true),
  ((select id from public.brands where slug = 'pizzahut'), (select id from public.categories where slug = 'pizza'), 'pizzahut-361', '한근 치즈 콤비네이션(L)', 'https://www.pizzahut.co.kr/popup/popup_allergy.do', '2026-06-29', 'active', true),
  ((select id from public.brands where slug = 'pizzahut'), (select id from public.categories where slug = 'pizza'), 'pizzahut-362', '한근 치즈 멜팅포테이토(L)', 'https://www.pizzahut.co.kr/popup/popup_allergy.do', '2026-06-29', 'active', true),
  ((select id from public.brands where slug = 'pizzahut'), (select id from public.categories where slug = 'pizza'), 'pizzahut-363', '페페로니 치즈딥 L & 코카-콜라 세트', 'https://www.pizzahut.co.kr/popup/popup_allergy.do', '2026-06-29', 'active', true),
  ((select id from public.brands where slug = 'pizzahut'), (select id from public.categories where slug = 'pizza'), 'pizzahut-364', '콤비네이션 치즈딥 L & 코카-콜라 세트', 'https://www.pizzahut.co.kr/popup/popup_allergy.do', '2026-06-29', 'active', true),
  ((select id from public.brands where slug = 'pizzahut'), (select id from public.categories where slug = 'pizza'), 'pizzahut-365', 'LA BBQ불고기 치즈딥 L & 코카-콜라 세트', 'https://www.pizzahut.co.kr/popup/popup_allergy.do', '2026-06-29', 'active', true),
  ((select id from public.brands where slug = 'dominos'), (select id from public.categories where slug = 'pizza'), 'dominos-001', '치즈 맥스 그릴드 패티 치즈 버거+더블 미트 할라피뇨', 'https://web.dominos.co.kr/contents/deliveryAllergy', '2026-06-29', 'active', true),
  ((select id from public.brands where slug = 'dominos'), (select id from public.categories where slug = 'pizza'), 'dominos-002', '치즈 맥스 더블 미트 할라피뇨', 'https://web.dominos.co.kr/contents/deliveryAllergy', '2026-06-29', 'active', true),
  ((select id from public.brands where slug = 'dominos'), (select id from public.categories where slug = 'pizza'), 'dominos-003', '치즈 맥스 그릴드 패티 치즈 버거', 'https://web.dominos.co.kr/contents/deliveryAllergy', '2026-06-29', 'active', true),
  ((select id from public.brands where slug = 'dominos'), (select id from public.categories where slug = 'pizza'), 'dominos-004', '더블 미트 할라피뇨+포테이토', 'https://web.dominos.co.kr/contents/deliveryAllergy', '2026-06-29', 'active', true),
  ((select id from public.brands where slug = 'dominos'), (select id from public.categories where slug = 'pizza'), 'dominos-005', '그릴드 패티 치즈 버거+LA 치즈폴레 갈비 스테이크', 'https://web.dominos.co.kr/contents/deliveryAllergy', '2026-06-29', 'active', true),
  ((select id from public.brands where slug = 'dominos'), (select id from public.categories where slug = 'pizza'), 'dominos-006', '그릴드 패티 치즈 버거+더블 미트 할라피뇨', 'https://web.dominos.co.kr/contents/deliveryAllergy', '2026-06-29', 'active', true),
  ((select id from public.brands where slug = 'dominos'), (select id from public.categories where slug = 'pizza'), 'dominos-007', '더블 미트 할라피뇨', 'https://web.dominos.co.kr/contents/deliveryAllergy', '2026-06-29', 'active', true),
  ((select id from public.brands where slug = 'dominos'), (select id from public.categories where slug = 'pizza'), 'dominos-008', '그릴드 패티 치즈 버거', 'https://web.dominos.co.kr/contents/deliveryAllergy', '2026-06-29', 'active', true),
  ((select id from public.brands where slug = 'dominos'), (select id from public.categories where slug = 'pizza'), 'dominos-009', 'LA 치즈폴레 갈비 스테이크', 'https://web.dominos.co.kr/contents/deliveryAllergy', '2026-06-29', 'active', true),
  ((select id from public.brands where slug = 'dominos'), (select id from public.categories where slug = 'pizza'), 'dominos-010', '랍스터 슈림프', 'https://web.dominos.co.kr/contents/deliveryAllergy', '2026-06-29', 'active', true),
  ((select id from public.brands where slug = 'dominos'), (select id from public.categories where slug = 'pizza'), 'dominos-011', '리얼 불고기 Subzza', 'https://web.dominos.co.kr/contents/deliveryAllergy', '2026-06-29', 'active', true),
  ((select id from public.brands where slug = 'dominos'), (select id from public.categories where slug = 'pizza'), 'dominos-012', '포테이토 Subzza', 'https://web.dominos.co.kr/contents/deliveryAllergy', '2026-06-29', 'active', true),
  ((select id from public.brands where slug = 'dominos'), (select id from public.categories where slug = 'pizza'), 'dominos-013', '소시지 맥스 Subzza', 'https://web.dominos.co.kr/contents/deliveryAllergy', '2026-06-29', 'active', true),
  ((select id from public.brands where slug = 'dominos'), (select id from public.categories where slug = 'pizza'), 'dominos-014', '필라델피아 치즈 스테이크', 'https://web.dominos.co.kr/contents/deliveryAllergy', '2026-06-29', 'active', true),
  ((select id from public.brands where slug = 'dominos'), (select id from public.categories where slug = 'pizza'), 'dominos-015', '와일드 와일드 웨스트 스테이크', 'https://web.dominos.co.kr/contents/deliveryAllergy', '2026-06-29', 'active', true),
  ((select id from public.brands where slug = 'dominos'), (select id from public.categories where slug = 'pizza'), 'dominos-016', '리얼불고기', 'https://web.dominos.co.kr/contents/deliveryAllergy', '2026-06-29', 'active', true),
  ((select id from public.brands where slug = 'dominos'), (select id from public.categories where slug = 'pizza'), 'dominos-017', '베스트 콰트로', 'https://web.dominos.co.kr/contents/deliveryAllergy', '2026-06-29', 'active', true),
  ((select id from public.brands where slug = 'dominos'), (select id from public.categories where slug = 'pizza'), 'dominos-018', '우리 고구마', 'https://web.dominos.co.kr/contents/deliveryAllergy', '2026-06-29', 'active', true),
  ((select id from public.brands where slug = 'dominos'), (select id from public.categories where slug = 'pizza'), 'dominos-019', '블랙타이거 슈림프', 'https://web.dominos.co.kr/contents/deliveryAllergy', '2026-06-29', 'active', true),
  ((select id from public.brands where slug = 'dominos'), (select id from public.categories where slug = 'pizza'), 'dominos-020', '포테이토', 'https://web.dominos.co.kr/contents/deliveryAllergy', '2026-06-29', 'active', true),
  ((select id from public.brands where slug = 'dominos'), (select id from public.categories where slug = 'pizza'), 'dominos-021', '치즈', 'https://web.dominos.co.kr/contents/deliveryAllergy', '2026-06-29', 'active', true),
  ((select id from public.brands where slug = 'dominos'), (select id from public.categories where slug = 'pizza'), 'dominos-022', '페퍼로니', 'https://web.dominos.co.kr/contents/deliveryAllergy', '2026-06-29', 'active', true),
  ((select id from public.brands where slug = 'dominos'), (select id from public.categories where slug = 'pizza'), 'dominos-023', '슈퍼디럭스', 'https://web.dominos.co.kr/contents/deliveryAllergy', '2026-06-29', 'active', true),
  ((select id from public.brands where slug = 'dominos'), (select id from public.categories where slug = 'pizza'), 'dominos-024', '베이컨체더치즈', 'https://web.dominos.co.kr/contents/deliveryAllergy', '2026-06-29', 'active', true),
  ((select id from public.brands where slug = 'dominos'), (select id from public.categories where slug = 'pizza'), 'dominos-025', '슈퍼슈프림', 'https://web.dominos.co.kr/contents/deliveryAllergy', '2026-06-29', 'active', true),
  ((select id from public.brands where slug = 'dominos'), (select id from public.categories where slug = 'pizza'), 'dominos-026', '쫀득 버터볼(5개)', 'https://web.dominos.co.kr/contents/deliveryAllergy', '2026-06-29', 'active', true),
  ((select id from public.brands where slug = 'dominos'), (select id from public.categories where slug = 'pizza'), 'dominos-027', '더블 미트 할라피뇨 파스타', 'https://web.dominos.co.kr/contents/deliveryAllergy', '2026-06-29', 'active', true),
  ((select id from public.brands where slug = 'dominos'), (select id from public.categories where slug = 'pizza'), 'dominos-028', '스와이시 치킨 윙(7조각)', 'https://web.dominos.co.kr/contents/deliveryAllergy', '2026-06-29', 'active', true),
  ((select id from public.brands where slug = 'dominos'), (select id from public.categories where slug = 'pizza'), 'dominos-029', '도미노 콘샐러드', 'https://web.dominos.co.kr/contents/deliveryAllergy', '2026-06-29', 'active', true),
  ((select id from public.brands where slug = 'dominos'), (select id from public.categories where slug = 'pizza'), 'dominos-030', '콘 크런치 치킨(7조각)', 'https://web.dominos.co.kr/contents/deliveryAllergy', '2026-06-29', 'active', true),
  ((select id from public.brands where slug = 'dominos'), (select id from public.categories where slug = 'pizza'), 'dominos-031', '하프&하프 스파게티 (NEW 치즈&베이컨 까르보나라)', 'https://web.dominos.co.kr/contents/deliveryAllergy', '2026-06-29', 'active', true),
  ((select id from public.brands where slug = 'dominos'), (select id from public.categories where slug = 'pizza'), 'dominos-032', '베이컨 까르보나라 스파게티', 'https://web.dominos.co.kr/contents/deliveryAllergy', '2026-06-29', 'active', true),
  ((select id from public.brands where slug = 'dominos'), (select id from public.categories where slug = 'pizza'), 'dominos-033', '웨스턴 핫 윙(8조각)', 'https://web.dominos.co.kr/contents/deliveryAllergy', '2026-06-29', 'active', true),
  ((select id from public.brands where slug = 'dominos'), (select id from public.categories where slug = 'pizza'), 'dominos-034', '도미노 코울슬로', 'https://web.dominos.co.kr/contents/deliveryAllergy', '2026-06-29', 'active', true),
  ((select id from public.brands where slug = 'dominos'), (select id from public.categories where slug = 'pizza'), 'dominos-035', 'NEW 치즈 볼로네즈 스파게티', 'https://web.dominos.co.kr/contents/deliveryAllergy', '2026-06-29', 'active', true),
  ((select id from public.brands where slug = 'dominos'), (select id from public.categories where slug = 'pizza'), 'dominos-036', '갈릭 디핑 소스 L 30g', 'https://web.dominos.co.kr/contents/deliveryAllergy', '2026-06-29', 'active', true),
  ((select id from public.brands where slug = 'dominos'), (select id from public.categories where slug = 'pizza'), 'dominos-037', '갈릭 디핑 소스 M 15g', 'https://web.dominos.co.kr/contents/deliveryAllergy', '2026-06-29', 'active', true),
  ((select id from public.brands where slug = 'hosigi'), (select id from public.categories where slug = 'chicken'), 'hosigi-001', '딥블랙갈릭치킨', 'https://www.9922.co.kr/allergenic-component', '2026-06-29', 'active', true),
  ((select id from public.brands where slug = 'hosigi'), (select id from public.categories where slug = 'chicken'), 'hosigi-002', '깐쇼킹치킨', 'https://www.9922.co.kr/allergenic-component', '2026-06-29', 'active', true),
  ((select id from public.brands where slug = 'hosigi'), (select id from public.categories where slug = 'chicken'), 'hosigi-003', '수라깐풍치킨', 'https://www.9922.co.kr/allergenic-component', '2026-06-29', 'active', true),
  ((select id from public.brands where slug = 'hosigi'), (select id from public.categories where slug = 'chicken'), 'hosigi-004', '맵시크치킨', 'https://www.9922.co.kr/allergenic-component', '2026-06-29', 'active', true),
  ((select id from public.brands where slug = 'hosigi'), (select id from public.categories where slug = 'chicken'), 'hosigi-005', '요거치즈닝치킨', 'https://www.9922.co.kr/allergenic-component', '2026-06-29', 'active', true),
  ((select id from public.brands where slug = 'hosigi'), (select id from public.categories where slug = 'chicken'), 'hosigi-006', '타코마요치킨', 'https://www.9922.co.kr/allergenic-component', '2026-06-29', 'active', true),
  ((select id from public.brands where slug = 'hosigi'), (select id from public.categories where slug = 'chicken'), 'hosigi-007', '레몬크림탕슈', 'https://www.9922.co.kr/allergenic-component', '2026-06-29', 'active', true),
  ((select id from public.brands where slug = 'hosigi'), (select id from public.categories where slug = 'chicken'), 'hosigi-008', '후라이드치킨', 'https://www.9922.co.kr/allergenic-component', '2026-06-29', 'active', true),
  ((select id from public.brands where slug = 'hosigi'), (select id from public.categories where slug = 'chicken'), 'hosigi-009', '안심텐더', 'https://www.9922.co.kr/allergenic-component', '2026-06-29', 'active', true),
  ((select id from public.brands where slug = 'hosigi'), (select id from public.categories where slug = 'chicken'), 'hosigi-010', '간장치킨', 'https://www.9922.co.kr/allergenic-component', '2026-06-29', 'active', true),
  ((select id from public.brands where slug = 'hosigi'), (select id from public.categories where slug = 'chicken'), 'hosigi-011', '양념치킨', 'https://www.9922.co.kr/allergenic-component', '2026-06-29', 'active', true),
  ((select id from public.brands where slug = 'hosigi'), (select id from public.categories where slug = 'chicken'), 'hosigi-012', '매운간장치킨', 'https://www.9922.co.kr/allergenic-component', '2026-06-29', 'active', true),
  ((select id from public.brands where slug = 'hosigi'), (select id from public.categories where slug = 'chicken'), 'hosigi-013', '매운양념치킨', 'https://www.9922.co.kr/allergenic-component', '2026-06-29', 'active', true),
  ((select id from public.brands where slug = 'hosigi'), (select id from public.categories where slug = 'chicken'), 'hosigi-014', '땡초불꽃치킨', 'https://www.9922.co.kr/allergenic-component', '2026-06-29', 'active', true),
  ((select id from public.brands where slug = 'hosigi'), (select id from public.categories where slug = 'chicken'), 'hosigi-015', '청양고추마요치킨', 'https://www.9922.co.kr/allergenic-component', '2026-06-29', 'active', true),
  ((select id from public.brands where slug = 'hosigi'), (select id from public.categories where slug = 'chicken'), 'hosigi-016', '감자볼튀김', 'https://www.9922.co.kr/allergenic-component', '2026-06-29', 'active', true),
  ((select id from public.brands where slug = 'hosigi'), (select id from public.categories where slug = 'chicken'), 'hosigi-017', '감자튀김', 'https://www.9922.co.kr/allergenic-component', '2026-06-29', 'active', true),
  ((select id from public.brands where slug = 'hosigi'), (select id from public.categories where slug = 'chicken'), 'hosigi-018', '마늘떡볶이', 'https://www.9922.co.kr/allergenic-component', '2026-06-29', 'active', true),
  ((select id from public.brands where slug = 'hosigi'), (select id from public.categories where slug = 'chicken'), 'hosigi-019', '로제비엔나떡볶이', 'https://www.9922.co.kr/allergenic-component', '2026-06-29', 'active', true),
  ((select id from public.brands where slug = 'hosigi'), (select id from public.categories where slug = 'chicken'), 'hosigi-020', '트리플치즈볼', 'https://www.9922.co.kr/allergenic-component', '2026-06-29', 'active', true),
  ((select id from public.brands where slug = 'hosigi'), (select id from public.categories where slug = 'chicken'), 'hosigi-021', '로제크림치즈볼', 'https://www.9922.co.kr/allergenic-component', '2026-06-29', 'active', true),
  ((select id from public.brands where slug = 'hosigi'), (select id from public.categories where slug = 'chicken'), 'hosigi-022', '닭발튀김', 'https://www.9922.co.kr/allergenic-component', '2026-06-29', 'active', true),
  ((select id from public.brands where slug = 'hosigi'), (select id from public.categories where slug = 'chicken'), 'hosigi-023', '똥집튀김', 'https://www.9922.co.kr/allergenic-component', '2026-06-29', 'active', true),
  ((select id from public.brands where slug = 'hosigi'), (select id from public.categories where slug = 'chicken'), 'hosigi-024', '머스타드소스', 'https://www.9922.co.kr/allergenic-component', '2026-06-29', 'active', true),
  ((select id from public.brands where slug = 'hosigi'), (select id from public.categories where slug = 'chicken'), 'hosigi-025', '치킨무', 'https://www.9922.co.kr/allergenic-component', '2026-06-29', 'active', true),
  ((select id from public.brands where slug = 'hosigi'), (select id from public.categories where slug = 'chicken'), 'hosigi-026', '양념소스(소포장)', 'https://www.9922.co.kr/allergenic-component', '2026-06-29', 'active', true),
  ((select id from public.brands where slug = 'hosigi'), (select id from public.categories where slug = 'chicken'), 'hosigi-027', '깐쇼킹치킨', 'https://www.9922.co.kr/allergenic-component', '2026-06-29', 'active', true),
  ((select id from public.brands where slug = 'hosigi'), (select id from public.categories where slug = 'chicken'), 'hosigi-028', '크리스피골드', 'https://www.9922.co.kr/allergenic-component', '2026-06-29', 'active', true),
  ((select id from public.brands where slug = 'hosigi'), (select id from public.categories where slug = 'chicken'), 'hosigi-029', '수라깐풍치킨', 'https://www.9922.co.kr/allergenic-component', '2026-06-29', 'active', true),
  ((select id from public.brands where slug = 'hosigi'), (select id from public.categories where slug = 'chicken'), 'hosigi-030', '크리스피치킨넥', 'https://www.9922.co.kr/allergenic-component', '2026-06-29', 'active', true),
  ((select id from public.brands where slug = 'hosigi'), (select id from public.categories where slug = 'chicken'), 'hosigi-031', '체다마요감자튀김', 'https://www.9922.co.kr/allergenic-component', '2026-06-29', 'active', true),
  ((select id from public.brands where slug = 'hosigi'), (select id from public.categories where slug = 'chicken'), 'hosigi-032', '치폴레감자튀김', 'https://www.9922.co.kr/allergenic-component', '2026-06-29', 'active', true),
  ((select id from public.brands where slug = 'hosigi'), (select id from public.categories where slug = 'chicken'), 'hosigi-033', '쉬림프 미니튀김-칠리', 'https://www.9922.co.kr/allergenic-component', '2026-06-29', 'active', true),
  ((select id from public.brands where slug = 'hosigi'), (select id from public.categories where slug = 'chicken'), 'hosigi-034', '쉬림프 미니튀김-레몬크림', 'https://www.9922.co.kr/allergenic-component', '2026-06-29', 'active', true),
  ((select id from public.brands where slug = 'hosigi'), (select id from public.categories where slug = 'chicken'), 'hosigi-035', '허니갈릭치즈볼', 'https://www.9922.co.kr/allergenic-component', '2026-06-29', 'active', true),
  ((select id from public.brands where slug = 'hosigi'), (select id from public.categories where slug = 'chicken'), 'hosigi-036', '똥집 미니튀김(핫소스)', 'https://www.9922.co.kr/allergenic-component', '2026-06-29', 'active', true),
  ((select id from public.brands where slug = 'hosigi'), (select id from public.categories where slug = 'chicken'), 'hosigi-037', '호식이양념소스(팩소스)', 'https://www.9922.co.kr/allergenic-component', '2026-06-29', 'active', true),
  ((select id from public.brands where slug = 'hosigi'), (select id from public.categories where slug = 'chicken'), 'hosigi-038', '청양마요소스(팩소스)', 'https://www.9922.co.kr/allergenic-component', '2026-06-29', 'active', true),
  ((select id from public.brands where slug = 'hosigi'), (select id from public.categories where slug = 'chicken'), 'hosigi-039', '레몬크림탕슈소스(팩소스)', 'https://www.9922.co.kr/allergenic-component', '2026-06-29', 'active', true),
  ((select id from public.brands where slug = 'hosigi'), (select id from public.categories where slug = 'chicken'), 'hosigi-040', '허니머스타드(팩소스)', 'https://www.9922.co.kr/allergenic-component', '2026-06-29', 'active', true),
  ((select id from public.brands where slug = 'hosigi'), (select id from public.categories where slug = 'chicken'), 'hosigi-041', '토마토케찹(팩소스)', 'https://www.9922.co.kr/allergenic-component', '2026-06-29', 'active', true),
  ((select id from public.brands where slug = 'hosigi'), (select id from public.categories where slug = 'chicken'), 'hosigi-042', '딜요거트소스(컵소스)', 'https://www.9922.co.kr/allergenic-component', '2026-06-29', 'active', true),
  ((select id from public.brands where slug = 'hosigi'), (select id from public.categories where slug = 'chicken'), 'hosigi-043', '호식이갈릭치즈시즈닝(팩분말)', 'https://www.9922.co.kr/allergenic-component', '2026-06-29', 'active', true)
on conflict (slug) do update
set brand_id = excluded.brand_id, category_id = excluded.category_id, name = excluded.name, source_url = excluded.source_url, last_checked_at = excluded.last_checked_at, menu_status = excluded.menu_status, is_active = true;

commit;
